id,nombre_contenedor,tipo,estado,descripcionC,created_at,updated_at,empresa_id,generador_id,telemetria_id,set_point,latitud,longitud,ultima_fecha,temp_supply_1,temp_supply_2,return_air,evaporation_coil,condensation_coil,compress_coil_1,compress_coil_2,ambient_air,cargo_1_temp,cargo_2_temp,cargo_3_temp,cargo_4_temp,relative_humidity,avl,suction_pressure,discharge_pressure,line_voltage,line_frequency,consumption_ph_1,consumption_ph_2,consumption_ph_3,co2_reading,o2_reading,evaporator_speed,condenser_speed,battery_voltage,power_kwh,power_trip_reading,power_trip_duration,suction_temp,discharge_temp,supply_air_temp,return_air_temp,dl_battery_temp,dl_battery_charge,power_consumption,power_consumption_avg,alarm_present,capacity_load,power_state,controlling_mode,humidity_control,humidity_set_point,fresh_air_ex_mode,fresh_air_ex_rate,fresh_air_ex_delay,set_point_o2,set_point_co2,defrost_term_temp,defrost_interval,water_cooled_conde,usda_trip,evaporator_exp_valve,suction_mod_valve,hot_gas_valve,economizer_valve,ethylene,stateProcess,stateInyection,timerOfProcess,modelo,alarm_number,NA,ripener_prueba,defrost_prueba,sp_ethyleno,extra_1,extra_2
1,LOSU5037850,Reefer,1,"TOTTUS AGUSTINO","2023-03-17 11:16:26","2023-03-22 17:08:17",2,1,1,-18,-12.0404,-76.9994,"2023-06-06 08:18:57",20,NULL,20,19.7,NULL,NULL,NULL,23.5,-3277,-3277,-3277,-3277,97,NULL,NULL,NULL,NULL,NULL,NULL,NULL,NULL,NULL,NULL,NULL,NULL,NULL,NULL,NULL,NULL,NULL,NULL,NULL,NULL,NULL,NULL,NULL,NULL,0,NULL,0,OPTIMIZED,NULL,NULL,NULL,NULL,NULL,NULL,NULL,18,6,NULL,NULL,NULL,NULL,NULL,NULL,NULL,NULL,NULL,NULL,NULL,0,NA,1,1,0,0,0
2,LOSU5346143,Reefer,1,"METRO RETABLO","2023-03-17 11:16:41","2023-05-02 15:31:47",1,1,2,-30,-11.9341,-77.0571,"2023-06-06 08:17:33",19.9,NULL,19.5,19.2,NULL,NULL,NULL,23.3,-3277,-3277,-3277,-3277,97,NULL,NULL,NULL,NULL,NULL,NULL,NULL,NULL,NULL,NULL,NULL,NULL,NULL,NULL,NULL,NULL,NULL,NULL,NULL,NULL,NULL,NULL,NULL,NULL,0,NULL,0,"NO OPTIMIZED",NULL,NULL,NULL,NULL,NULL,NULL,NULL,18,6,NULL,NULL,NULL,NULL,NULL,NULL,NULL,NULL,NULL,NULL,NULL,0,NA,1,1,0,0,0
3,ZGRU9015808,Madurador,1,"Nestle Metro Izaguirre","2023-03-17 11:16:56","2024-05-17 13:35:31",50,1,3,-25,-11.9803,-77.1226,"2024-07-19 15:25:16",-17.8,-3277,-1.7,18,20.9,31.2,-3276.9,19.1,0,-38.5,-38.5,-38.5,97,32766,3276.6,3276.6,469,60,0.1,0.2,0.1,25.4,3276.6,0,100,0,13049.8,12995.8,0,3276.6,3276.6,6528.6,6528.6,26.78,0,3.05,2.24,0,100,1,1,0,254,0,32766,3276.6,3276.6,3276.6,18,6,0,0,255,255,255,255,0,0,0,0,THERMOKING,0,NA,2,2,0,0,0
4,LOSU2007219,Reefer,1,"METRO CHORRILLOS","2023-03-17 11:17:08","2023-03-22 17:11:53",1,1,4,-24,-12.1729,-77.012,"2023-06-07 02:00:12",16.5,NULL,15.5,14.3,NULL,NULL,NULL,22.4,-3277,-3277,-3277,-3277,72,NULL,NULL,NULL,NULL,NULL,NULL,NULL,NULL,NULL,NULL,NULL,NULL,NULL,NULL,NULL,NULL,NULL,NULL,NULL,NULL,NULL,NULL,NULL,NULL,0,NULL,0,OPTIMIZED,NULL,NULL,NULL,NULL,NULL,NULL,NULL,18,12,NULL,NULL,NULL,NULL,NULL,NULL,NULL,NULL,NULL,NULL,NULL,0,NA,1,1,0,0,0
5,LOSU4723326,Reefer,1,"METRO IZAGUIRRE","2023-03-17 11:17:37","2023-03-22 17:12:27",1,1,5,2,-11.9877,-77.064,"2023-06-01 11:27:38",3.8,NULL,2.4,3.1,NULL,NULL,NULL,24.6,-3277,-3277,-3277,-3277,97,NULL,NULL,NULL,NULL,NULL,NULL,NULL,NULL,NULL,NULL,NULL,NULL,NULL,NULL,NULL,NULL,NULL,NULL,NULL,NULL,NULL,NULL,NULL,NULL,0,NULL,1,OPTIMIZED,NULL,NULL,NULL,NULL,NULL,NULL,NULL,18,6,NULL,NULL,NULL,NULL,NULL,NULL,NULL,NULL,NULL,NULL,NULL,0,NA,1,1,0,0,0
6,ZGRU2212229_1,Reefer,1,"METRO PLAZA NORTE","2023-03-17 11:18:27","2023-11-27 18:09:05",1,1,0,-25,-12.006,-77.0603,"2023-04-18 14:57:25",25.7,NULL,25.9,25.8,NULL,NULL,NULL,37.8,-3277,-3277,-3277,-3277,97,NULL,NULL,NULL,NULL,NULL,NULL,NULL,NULL,NULL,NULL,NULL,NULL,NULL,NULL,NULL,NULL,NULL,NULL,NULL,NULL,NULL,NULL,NULL,NULL,0,NULL,1,"NO OPTIMIZED",NULL,NULL,NULL,NULL,NULL,NULL,NULL,18,6,NULL,NULL,NULL,NULL,NULL,NULL,NULL,NULL,NULL,NULL,NULL,0,NA,1,1,0,0,0
7,ZGRU2006193,Reefer,1,"TOTTUS QUILCA","2023-03-17 11:19:13","2023-03-22 17:13:41",8,1,7,-2.52,-11.9803,-77.1226,"2024-03-22 12:04:59",26.8,-25.2,25.5,25.7,-51.2,-51.2,-38.5,28.4,-38.5,217.5,154.3,0,65535,65535,3276.6,3276.6,65535,60,11.6,12.5,11.1,25.4,3276.6,0,0,0,13266.7,1262.3,0,3276.6,3276.6,26.8,26.7,32.92,0,0.01,1.85,210,255,0,0,0,254,0,32766,3276.6,3276.6,3276.6,18,6,0,0,255,255,255,255,0,3,0,0,THERMOKING,0,NA,2,2,0,0,0
8,LOSU6682259,Reefer,1,"TOTTUS JOCKEY","2023-03-17 11:19:47","2023-03-22 17:14:14",1,1,8,-25,-12.0852,-76.9803,"2023-07-04 08:19:12",-22.8,NULL,-6.4,-8.3,NULL,NULL,NULL,21.7,-3277,-3277,-3277,-3277,76,NULL,NULL,NULL,NULL,NULL,NULL,NULL,NULL,NULL,NULL,NULL,NULL,NULL,NULL,NULL,NULL,NULL,NULL,NULL,NULL,NULL,NULL,NULL,NULL,0,NULL,0,OPTIMIZED,NULL,NULL,NULL,NULL,NULL,NULL,NULL,18,6,NULL,NULL,NULL,NULL,NULL,NULL,NULL,NULL,NULL,NULL,NULL,0,NA,1,1,0,0,0
9,LOSU6844452,Reefer,1,"TOTTUS PACHACUTEC","2023-03-17 11:19:59","2023-03-17 11:19:59",1,1,9,0,-11.9803,-77.1226,"2023-10-02 18:59:19",23.2,NULL,25.8,23.9,NULL,NULL,NULL,20.6,-3277,-3277,-3277,-3277,97,NULL,NULL,NULL,NULL,NULL,NULL,NULL,NULL,NULL,NULL,NULL,NULL,NULL,NULL,NULL,NULL,NULL,NULL,NULL,NULL,NULL,NULL,NULL,NULL,1,NULL,0,OPTIMIZED,NULL,NULL,NULL,NULL,NULL,NULL,NULL,18,6,NULL,NULL,NULL,NULL,NULL,NULL,NULL,NULL,NULL,NULL,NULL,1,NA,1,1,0,0,0
10,LOSU3303096,Reefer,1,"METRO HACIENDA","2023-03-17 11:20:20","2023-03-22 17:15:19",1,1,10,-18,-12.0065,-77.0044,"2023-06-07 02:03:55",-23.9,NULL,-13.8,4.8,NULL,NULL,NULL,23.2,-3277,-3277,-3277,-3277,70,NULL,NULL,NULL,NULL,NULL,NULL,NULL,NULL,NULL,NULL,NULL,NULL,NULL,NULL,NULL,NULL,NULL,NULL,NULL,NULL,NULL,NULL,NULL,NULL,0,NULL,1,OPTIMIZED,NULL,NULL,NULL,NULL,NULL,NULL,NULL,18,6,NULL,NULL,NULL,NULL,NULL,NULL,NULL,NULL,NULL,NULL,NULL,0,NA,1,1,0,0,0
11,LOSU4764023,Reefer,1,"TOTTUS PUENTE PIEDRA","2023-03-17 11:21:14","2023-03-22 17:16:03",11,1,11,-15,-11.9803,-77.1226,"2023-11-23 18:44:32",21.9,0,24.1,22.3,0,0,0,22.2,0,0,0,0,69,0,0,0,0,0,0,0,0,0,0,0,0,0,0,0,0,0,0,0,0,0,0,0,0,1,69,1,1,0,254,0,32766,3276.6,3276.6,3276.6,18,6,0,0,255,255,255,255,0,0,0,0,THERMOKING,0,NA,2,2,0,0,0
12," ZGRU7216000",Reefer,1,NAZCA,"2023-03-17 16:37:52","2023-03-22 17:16:23",12,1,16,-8.5,-11.9803,-77.1226,"2023-03-23 19:33:23",4.3,NULL,9.8,2.6,NULL,NULL,NULL,29.8,11.1,17.3,9.8,10.8,76,NULL,NULL,NULL,NULL,NULL,NULL,NULL,NULL,NULL,NULL,NULL,NULL,NULL,NULL,NULL,NULL,NULL,NULL,NULL,NULL,NULL,NULL,NULL,NULL,0,NULL,1,"NO OPTIMIZED",NULL,NULL,NULL,NULL,NULL,NULL,NULL,4,6,NULL,NULL,NULL,NULL,NULL,NULL,NULL,NULL,NULL,NULL,NULL,0,NA,1,1,0,0,0
13," ZGRU7214000",Reefer,1,NAZCA,"2023-03-17 16:47:23","2023-03-22 17:16:31",12,1,17,-3.5,-11.9803,-77.1226,"2023-03-24 13:16:26",-0.4,NULL,-0.8,-0.5,NULL,NULL,NULL,32.5,-3277,-3277,-3277,-3277,86,NULL,NULL,NULL,NULL,NULL,NULL,NULL,NULL,NULL,NULL,NULL,NULL,NULL,NULL,NULL,NULL,NULL,NULL,NULL,NULL,NULL,NULL,NULL,NULL,0,NULL,0,OPTIMIZED,NULL,NULL,NULL,NULL,NULL,NULL,NULL,18,6,NULL,NULL,NULL,NULL,NULL,NULL,NULL,NULL,NULL,NULL,NULL,0,NA,1,1,0,0,0
14,ZGRU1320227,Madurador,1,NESTLE-Barranca,"2023-03-17 18:09:27","2024-05-17 13:48:57",50,1,19,-25,-11.9803,-77.1226,"2024-07-19 15:25:31",-32.5,-3277,-25.5,-35,24,60.1,-3276.9,17.9,0,-38.5,-38.5,-38.5,50,32766,3276.6,3276.6,445,60,8.6,8.5,8.2,25.4,3276.6,30,100,0,11953.2,11948.3,0,3276.6,3276.6,6521.1,6528.1,27.4,0,5.21,1.87,0,100,1,1,0,254,0,32766,3276.6,3276.6,3276.6,18,6,0,0,255,255,255,255,320,0,0,0,THERMOKING,0,NA,2,2,0,0,0
15,ZGRUM2245761,Madurador,1,"Sin Informacion","2023-03-20 09:41:28","2023-03-20 09:41:28",1,1,22,18,-11.9803,-77.1226,"2023-04-21 09:29:04",0,0,0,0,0,0,0,0,0,0,0,0,50,0,0,0,0,0,0,0,0,0,20.7,0,0,0,0,0,0,0,0,0,0,0,0,0,0,0,0,0,NA,0,1011010,0,0,0,20.7,3,0,0,0,0,0,0,0,0,0,RESET,"NO INJECTING",0,THERMOKING,NULL,NA,1,1,0,0,0
17,ZGRU1090804,Madurador,1,USA,"2023-03-21 14:21:43","2023-11-22 10:35:51",22,1,33,18,35.7396,-119.238,"2024-06-11 22:41:38",36.5,-3277,36.6,36.3,35.5,34.8,-3276.9,34.1,0,0,0,0,32766,32767,3276.6,3276.6,474,32760,0,0,0,25.5,3276.7,0,0,0,20801.8,4.1,0,3276.6,3276.6,36.5,36.6,42.7,0,0.01,0.04,0,255,0,4,1,90,0,32766,3276.6,3276.6,3276.6,18,0,0,0,255,255,255,255,1.5,0,0,0,THERMOKING,NULL,NA,2,2,-1,1,0
18,LOSU6249659,Reefer,1,"Sin Informacion","2023-03-24 10:02:07","2023-03-24 10:02:07",1,1,34,-19,-11.9803,-77.1226,"2023-03-25 10:12:47",24.3,NULL,32.2,24.6,NULL,NULL,NULL,28.8,-3277,-3277,-3277,-3277,70,NULL,NULL,NULL,NULL,NULL,NULL,NULL,NULL,NULL,NULL,NULL,NULL,NULL,NULL,NULL,NULL,NULL,NULL,NULL,NULL,NULL,NULL,NULL,NULL,0,NULL,0,OPTIMIZED,NULL,NULL,NULL,NULL,NULL,NULL,NULL,18,6,NULL,NULL,NULL,NULL,NULL,NULL,NULL,NULL,NULL,NULL,NULL,0,NA,1,1,0,0,0
19,TEST1234567,Reefer,1,"Sin Informacion","2023-03-27 09:28:27","2023-03-27 09:28:27",1,1,105,-25,-12.1729,-77.012,"2023-08-16 10:48:30",24.1,NULL,24.3,23.4,NULL,NULL,NULL,24.3,-3277,-3277,-3277,-3277,83,NULL,NULL,NULL,NULL,NULL,NULL,NULL,NULL,NULL,NULL,NULL,NULL,NULL,NULL,NULL,NULL,NULL,NULL,NULL,NULL,NULL,NULL,NULL,NULL,0,NULL,0,OPTIMIZED,NULL,NULL,NULL,NULL,NULL,NULL,NULL,18,6,NULL,NULL,NULL,NULL,NULL,NULL,NULL,NULL,NULL,NULL,NULL,0,NA,1,1,0,0,0
20,ZGRU1234567,Reefer,1,"Sin Informacion","2023-03-28 13:49:54","2023-03-28 13:49:54",1,1,112,-40,-11.9803,-77.1226,"2024-02-12 17:10:26",26.9,-3277,27.1,27,-3277.2,-3277.2,-3276.9,NULL,0,0,0,0,32766,32767,3276.6,3276.6,32766,32760,35,35,35,51,3276.6,0,0,0,20186.7,0,0,3276.6,3276.6,26.9,27.1,28.11,0,0.01,0,1,156,1,1,0,254,0,32766,3276.6,3276.6,3276.6,18,6,0,0,255,255,255,255,0,3,0,3,THERMOKING,0,NA,2,2,40,0,0
21,TEST0000000,Madurador,1,"Sin Informacion","2023-03-28 14:35:10","2023-03-28 14:35:10",1,1,14,0,-11.9803,-77.1226,"2023-03-28 14:35:10",0,0,0,0,0,0,0,0,0,0,0,0,50,0,0,0,0,0,0,0,0,0,0,0,0,0,0,0,0,0,0,0,0,0,0,0,0,0,0,0,NA,0,0,0,0,0,0,0,0,0,0,0,0,0,0,0,0,WAIT,IDLE,0,THERMOKING,NULL,NA,1,1,0,0,0
22,ZGRU6860448,Madurador,1,"CENCOSUD WONG ASIA","2023-03-28 17:27:32","2024-04-04 09:26:12",12,1,114,-25,-11.9803,-77.1226,"2024-04-24 12:33:59",10.3,-3277,19.1,17.5,28.5,37.8,-3277,26.5,0,0,0,0,32766,32766,3276.6,3276.6,454,59,11.7,12,11.3,25.4,3276.6,30,100,0,38983.5,6.5,0,3276.6,3276.6,10.3,19.1,125.18,10.51,655.35,0,0,91,1,1,0,254,0,32766,3276.6,3276.6,3276.6,18,6,0,0,144,180,27,4,0,0,0,0,THERMOKING,0,NA,2,2,0,0,0
23,ASDG,Reefer,0,"Sin Informacion","2023-03-31 20:08:31","2023-04-04 17:45:43",1,1,115,-25,-11.9877,-77.064,"2023-03-31 20:10:27",-32.4,NULL,-24.5,-32.9,NULL,NULL,NULL,26,-3277,-3277,-3277,-3277,78,NULL,NULL,NULL,NULL,NULL,NULL,NULL,NULL,NULL,NULL,NULL,NULL,NULL,NULL,NULL,NULL,NULL,NULL,NULL,NULL,NULL,NULL,NULL,NULL,0,NULL,1,OPTIMIZED,NULL,NULL,NULL,NULL,NULL,NULL,NULL,18,6,NULL,NULL,NULL,NULL,NULL,NULL,NULL,NULL,NULL,NULL,NULL,0,NA,1,1,0,0,0
24,\x00\x00\x00\x00\x00\x00\x00\x00\x00\x00\x00,Reefer,0,"Sin Informacion","2023-04-01 10:28:53","2023-04-03 14:08:24",1,1,116,0,-11.8686,-77.0723,"2023-04-11 14:10:54",0,NULL,0,0,NULL,NULL,NULL,0,0,0,0,0,0,NULL,NULL,NULL,NULL,NULL,NULL,NULL,NULL,NULL,NULL,NULL,NULL,NULL,NULL,NULL,NULL,NULL,NULL,NULL,NULL,NULL,NULL,NULL,NULL,0,NULL,0," --- ",NULL,NULL,NULL,NULL,NULL,NULL,NULL,0,0,NULL,NULL,NULL,NULL,NULL,NULL,NULL,NULL,NULL,NULL,NULL,0,NA,1,1,0,0,0
25,ASD,Reefer,0,rrreett,"2023-04-04 17:28:48","2023-04-04 17:44:20",1,1,1,NULL,NULL,NULL,NULL,NULL,NULL,NULL,NULL,NULL,NULL,NULL,NULL,NULL,NULL,NULL,NULL,NULL,NULL,NULL,NULL,NULL,NULL,NULL,NULL,NULL,NULL,NULL,NULL,NULL,NULL,NULL,NULL,NULL,NULL,NULL,NULL,NULL,NULL,NULL,NULL,NULL,NULL,NULL,NULL,NULL,NULL,NULL,NULL,NULL,NULL,NULL,NULL,NULL,NULL,NULL,NULL,NULL,NULL,NULL,NULL,NULL,NULL,NULL,NULL,NULL,NULL,NA,1,1,0,0,0
26,zomos,Reefer,0,eeerrt,"2023-04-04 17:46:40","2023-04-04 17:48:25",1,1,1,NULL,NULL,NULL,NULL,NULL,NULL,NULL,NULL,NULL,NULL,NULL,NULL,NULL,NULL,NULL,NULL,NULL,NULL,NULL,NULL,NULL,NULL,NULL,NULL,NULL,NULL,NULL,NULL,NULL,NULL,NULL,NULL,NULL,NULL,NULL,NULL,NULL,NULL,NULL,NULL,NULL,NULL,NULL,NULL,NULL,NULL,NULL,NULL,NULL,NULL,NULL,NULL,NULL,NULL,NULL,NULL,NULL,NULL,NULL,NULL,NULL,NULL,NULL,NULL,NULL,NULL,NA,1,1,0,0,0
27,test,Reefer,0,2334,"2023-04-04 17:49:34","2023-04-04 17:50:03",1,1,1,NULL,NULL,NULL,NULL,NULL,NULL,NULL,NULL,NULL,NULL,NULL,NULL,NULL,NULL,NULL,NULL,NULL,NULL,NULL,NULL,NULL,NULL,NULL,NULL,NULL,NULL,NULL,NULL,NULL,NULL,NULL,NULL,NULL,NULL,NULL,NULL,NULL,NULL,NULL,NULL,NULL,NULL,NULL,NULL,NULL,NULL,NULL,NULL,NULL,NULL,NULL,NULL,NULL,NULL,NULL,NULL,NULL,NULL,NULL,NULL,NULL,NULL,NULL,NULL,NULL,NULL,NA,1,1,0,0,0
28,\xff\x00SU5037850,Reefer,0,"Sin Informacion","2023-04-09 03:50:42","2023-04-17 11:07:22",1,1,42,-25,-12.0404,-76.9994,"2023-04-09 03:50:42",-28,NULL,0,0,NULL,NULL,NULL,0,26.4,-3277,-3277,-3277,0,NULL,NULL,NULL,NULL,NULL,NULL,NULL,NULL,NULL,NULL,NULL,NULL,NULL,NULL,NULL,NULL,NULL,NULL,NULL,NULL,NULL,NULL,NULL,NULL,0,NULL,1,OPTIMIZED,NULL,NULL,NULL,NULL,NULL,NULL,NULL,18,6,NULL,NULL,NULL,NULL,NULL,NULL,NULL,NULL,NULL,NULL,NULL,0,NA,1,1,0,0,0
29,LOSU47\xef\x84!\x08B,Reefer,0,"Sin Informacion","2023-04-11 17:56:33","2023-04-17 11:07:17",1,1,118,-25,-11.9877,-77.064,"2023-04-11 17:57:18",-25.5,NULL,-23.7,-23.6,NULL,NULL,NULL,26.7,-3277,-3277,-3277,-3277,82,NULL,NULL,NULL,NULL,NULL,NULL,NULL,NULL,NULL,NULL,NULL,NULL,NULL,NULL,NULL,NULL,NULL,NULL,NULL,NULL,NULL,NULL,NULL,NULL,0,NULL,1,OPTIMIZED,NULL,NULL,NULL,NULL,NULL,NULL,NULL,18,6,NULL,NULL,NULL,NULL,NULL,NULL,NULL,NULL,NULL,NULL,NULL,0,NA,1,1,0,0,0
30,\xff\x00SU4723326,Reefer,0,"Sin Informacion","2023-04-12 11:59:54","2023-04-17 11:07:11",1,1,40,-25,-11.9877,-77.064,"2023-04-12 11:59:54",-29.6,NULL,0,0,NULL,NULL,NULL,0,29,-3277,-3277,-3277,0,NULL,NULL,NULL,NULL,NULL,NULL,NULL,NULL,NULL,NULL,NULL,NULL,NULL,NULL,NULL,NULL,NULL,NULL,NULL,NULL,NULL,NULL,NULL,NULL,0,NULL,1,OPTIMIZED,NULL,NULL,NULL,NULL,NULL,NULL,NULL,18,6,NULL,NULL,NULL,NULL,NULL,NULL,NULL,NULL,NULL,NULL,NULL,0,NA,1,1,0,0,0
31,ZGRU5346143,Reefer,0,"Sin Informacion","2023-04-14 11:59:05","2023-04-17 11:09:33",1,1,120,20,-11.9803,-77.1226,"2023-11-02 17:13:01",18.9,0,23.7,21.8,0,0,0,28.1,0,0,0,0,71,0,0,0,0,0,0,0,0,0,0,0,0,0,0,0,0,0,0,0,0,0,0,0,0,0,12,1,1,1,88,2,32766,3276.6,3276.6,3,18,6,0,0,255,255,255,255,17.9,0,0,0,THERMOKING,0,NA,2,2,0,0,0
32,ZGRU1308760,Reefer,1,"Sin Informacion","2023-04-15 17:24:22","2023-04-15 17:24:22",1,1,121,-20,-11.8747,-77.1284,"2023-04-15 17:36:26",16.3,NULL,26.8,24,NULL,NULL,NULL,28.1,-3277,-3277,-3277,-3277,51,NULL,NULL,NULL,NULL,NULL,NULL,NULL,NULL,NULL,NULL,NULL,NULL,NULL,NULL,NULL,NULL,NULL,NULL,NULL,NULL,NULL,NULL,NULL,NULL,0,NULL,1,OPTIMIZED,NULL,NULL,NULL,NULL,NULL,NULL,NULL,18,6,NULL,NULL,NULL,NULL,NULL,NULL,NULL,NULL,NULL,NULL,NULL,0,NA,1,1,0,0,0
33,ZGRU7258301,Madurador,1,"CENCOSUD SANTA ANITA","2023-04-17 12:06:49","2024-04-04 09:26:51",17,1,122,4,-11.9803,-77.1226,"2024-07-19 14:31:20",9.1,-3277,8.5,9.2,29.5,31.2,-3276.9,27.2,24.9,-38.5,-38.5,-38.5,70,32766,3276.6,3276.6,452,60,0.6,0.7,0.6,25.4,3276.6,30,0,0,29606.4,17573.4,0,3276.6,3276.6,9.1,8.5,42.26,0,0.44,2.18,1,100,1,1,0,254,0,32766,3276.6,3276.6,3276.6,18,6,0,0,255,255,255,255,320,0,0,0,THERMOKING,0,NA,2,2,0,0,0
34,ZGRU6934047,Reefer,1,"Sin Informacion","2023-04-17 12:07:02","2023-04-17 12:07:02",16,1,123,-7.1,-12.0478,-76.9526,"2023-04-17 17:24:07",-7.2,NULL,-1.5,-1.1,NULL,NULL,NULL,26.4,0,0,0,0,52,NULL,NULL,NULL,NULL,NULL,NULL,NULL,NULL,NULL,NULL,NULL,NULL,NULL,NULL,NULL,NULL,NULL,NULL,NULL,NULL,NULL,NULL,NULL,NULL,0,NULL,3,"BULB MODE HIGH",NULL,NULL,NULL,NULL,NULL,NULL,NULL,18,6,NULL,NULL,NULL,NULL,NULL,NULL,NULL,NULL,NULL,NULL,NULL,0,NA,1,1,0,0,0
35,ZGRU7263904,Madurador,1,CENCOSUD,"2023-04-17 12:07:44","2024-03-13 16:57:40",17,1,124,10,-11.9803,-77.1226,"2024-07-18 21:38:30",9.9,-3277,12,12.5,42.3,93,-3276.9,16.3,0,-38.5,-38.5,-38.5,84,32766,3276.6,3276.6,451,60,9.3,9.3,8.2,25.4,3276.6,30,9,0,50426.1,36129.2,0,3276.6,3276.6,10,12,27.94,0,5.72,3.61,0,18,1,1,0,254,0,32766,3276.6,3276.6,3276.6,18,2,0,0,255,255,255,255,0,0,0,0,THERMOKING,0,NA,2,2,0,0,0
36,ZGRU6578922,Madurador,1,"CENCOSUD SANTA ANITA","2023-04-17 12:08:01","2024-04-04 09:27:45",17,1,125,4,-11.9803,-77.1226,"2024-07-19 15:25:11",3.8,-3277,7.9,7.4,38.1,79.6,-3276.9,22.8,0,-38.5,-38.5,-38.5,73,32766,3276.6,3276.6,457,60,4.6,4.7,4.4,25.4,3276.6,30,12,0,32886.7,20689.3,0,3276.6,3276.6,3.9,7.9,40.44,0,0.97,2.57,0,25,1,1,0,254,0,32766,3276.6,3276.6,3276.6,18,2,0,0,255,255,255,255,0,0,0,0,THERMOKING,0,NA,2,2,0,0,0
37,ZGRU6576283,Madurador,1,"CENCOSUD SANTA ANITA","2023-04-17 12:09:20","2024-04-04 09:28:59",17,1,126,4,-11.9803,-77.1226,"2024-07-19 15:25:19",3.7,-3277,7.8,7.9,39.1,77.9,-3276.9,23.7,0,-38.5,-38.5,-38.5,70,32766,3276.6,3276.6,456,60,4.5,4.7,4.4,25.4,3276.6,30,12,0,32303.9,19994,0,3276.6,3276.6,3.9,7.8,42.5,0,0.97,2.48,0,25,1,1,0,254,0,32766,3276.6,3276.6,3276.6,18,6,0,0,255,255,255,255,0,0,0,0,THERMOKING,0,NA,2,2,0,0,0
38,ZGRU7281370,Reefer,1,"Sin Informacion","2023-04-17 12:09:29","2023-04-17 12:09:29",16,1,127,-7,-12.0478,-76.9526,"2023-04-17 17:20:07",-6.9,NULL,-1,-1,NULL,NULL,NULL,26.7,0,0,0,0,52,NULL,NULL,NULL,NULL,NULL,NULL,NULL,NULL,NULL,NULL,NULL,NULL,NULL,NULL,NULL,NULL,NULL,NULL,NULL,NULL,NULL,NULL,NULL,NULL,0,NULL,3,"BULB MODE HIGH",NULL,NULL,NULL,NULL,NULL,NULL,NULL,18,6,NULL,NULL,NULL,NULL,NULL,NULL,NULL,NULL,NULL,NULL,NULL,0,NA,1,1,0,0,0
39,ZGRU6636340,Reefer,1,"Sin Informacion","2023-04-17 12:10:51","2023-04-17 12:10:51",16,1,128,10,-12.0478,-76.9526,"2023-05-13 12:55:20",9.9,NULL,15.1,12.3,NULL,NULL,NULL,22.9,0,0,0,0,74,NULL,NULL,NULL,NULL,NULL,NULL,NULL,NULL,NULL,NULL,NULL,NULL,NULL,NULL,NULL,NULL,NULL,NULL,NULL,NULL,NULL,NULL,NULL,NULL,0,NULL,3,"BULB MODE HIGH",NULL,NULL,NULL,NULL,NULL,NULL,NULL,18,6,NULL,NULL,NULL,NULL,NULL,NULL,NULL,NULL,NULL,NULL,NULL,0,NA,1,1,0,0,0
40,ZGRU0505228,Madurador,1,"CENCOSUD SANTA ANITA","2023-04-17 12:11:29","2024-04-04 09:29:21",16,1,129,10,-11.9803,-77.1226,"2024-07-19 15:24:54",9.9,-3277,16.7,8,41.1,67.3,-3277,23.1,0,-38.5,-38.5,-38.5,69,32766,3276.6,3276.6,453,59,10.3,10,9.4,25.4,3276.6,30,46,0,75006.7,18678.9,0,3276.6,3276.6,10,16.7,0.29,0,6.43,5.89,0,41,1,1,0,254,0,32766,3276.6,3276.6,3276.6,18,6,0,0,255,255,255,255,0,0,0,0,THERMOKING,0,NA,2,2,0,0,0
41,ZGRU1148635,Reefer,1,"PLAZA VEA VENTANILLA","2023-04-17 12:47:06","2023-05-02 16:51:32",18,1,130,-30.2,-11.8747,-77.1284,"2024-07-19 15:25:23",-13.4,NULL,-8.7,-8.2,NULL,NULL,NULL,22.8,-3277,-3277,-3277,-3277,90,NULL,NULL,NULL,NULL,NULL,NULL,NULL,NULL,NULL,NULL,NULL,NULL,NULL,NULL,NULL,NULL,NULL,NULL,NULL,NULL,NULL,NULL,NULL,NULL,0,NULL,0,"NO OPTIMIZED",NULL,NULL,NULL,NULL,NULL,NULL,NULL,18,6,NULL,NULL,NULL,NULL,NULL,NULL,NULL,NULL,NULL,NULL,NULL,0,NA,1,1,0,0,0
42,ZGRU980324-3,Madurador,1,"Sin Informacion","2023-04-17 13:37:13","2023-04-17 13:37:13",16,1,131,4,21.8543,-100.894,"2023-05-13 12:52:24",4,4,4,0,0,0,0,0,0,0,0,0,4,4,0,0,0,0,0,0,0,4,4,0,0,0,0,0,0,0,0,4,4,0,0,0,0,0,0,0,Optimized,1,4,0,0,0,4,4,18,1,0,0,0,0,0,0,4,Run,Injecting,12,Thermoking,NULL,NA,2,2,0,0,0
43,ZGRU980324-3,Madurador,0,"Sin Informacion","2023-04-17 13:46:03","2023-04-17 15:57:51",16,1,131,4,21.8543,-100.894,"2023-05-13 12:52:24",4,4,4,0,0,0,0,0,0,0,0,0,4,4,0,0,0,0,0,0,0,4,4,0,0,0,0,0,0,0,0,4,4,0,0,0,0,0,0,0,Optimized,1,4,0,0,0,4,4,18,1,0,0,0,0,0,0,4,Run,Injecting,12,Thermoking,NULL,NA,2,2,0,0,0
44,ZGRU481053-5,Madurador,1,"Sin Informacion","2023-04-17 13:56:12","2023-04-17 13:56:12",16,1,133,20,-11.5495,-77.275,"2023-05-13 11:43:00",22,22,22.2,0,0,0,0,0,0,0,0,0,88,0,0,0,0,0,0,0,0,25.3,0,0,0,0,0,0,0,0,0,22,22,0,0,0,0,0,0,0,Optimized,1,95,0,0,0,0,1,18,1,0,0,0,0,0,0,0,Pause,"Not Injecting",24,Thermoking,NULL,NA,2,2,0,0,0
45,ZGRU481346-8,Madurador,0,"Sin Informacion","2023-04-17 13:57:35","2023-04-17 16:06:34",16,1,134,20,-11.5495,-77.275,"2023-05-13 12:53:59",22.9,22.9,23.4,0,0,0,0,0,0,0,0,0,84,0,0,0,0,0,0,0,0,25.3,0,0,0,0,0,0,0,0,0,22.9,22.9,0,0,0,0,0,0,0,Optimized,1,95,0,0,0,0,2,18,1,0,0,0,0,0,0,0,Run,Injecting,0,Thermoking,NULL,NA,2,2,0,0,0
46,ZGRU980390-0,Madurador,0,"Sin Informacion","2023-04-17 13:59:32","2023-04-17 16:04:54",16,1,135,20,-11.5495,-77.275,"2023-05-13 12:55:07",22.4,22.4,22.7,0,0,0,0,0,0,0,0,0,97,0,0,0,0,0,0,0,0,25.4,20.6,0,0,0,0,0,0,0,0,22.4,22.4,0,0,0,0,0,0,0,Optimized,1,65,0,0,0,0,0,18,1,0,0,0,0,0,0,0,Reset,"Not Injecting",24,Thermoking,NULL,NA,2,2,0,0,0
47,ZGRU980364-4,Madurador,1,"Sin Informacion","2023-04-17 14:00:11","2023-04-17 14:00:11",16,1,136,20,-11.5495,-77.275,"2023-05-13 12:54:12",22.6,22.6,22.8,0,0,0,0,0,0,0,0,0,84,0,0,0,0,0,0,0,0,25.4,76.8,0,0,0,0,0,0,0,0,22.6,22.6,0,0,0,0,0,0,0,Optimized,1,95,0,0,0,0,0,18,1,0,0,0,0,0,0,0,Reset,"Not Injecting",24,Thermoking,NULL,NA,2,2,0,0,0
48,ZGRU980324-3,Madurador,0,"Sin Informacion","2023-04-17 14:02:25","2023-04-17 15:57:46",16,1,131,4,21.8543,-100.894,"2023-05-13 12:52:24",4,4,4,0,0,0,0,0,0,0,0,0,4,4,0,0,0,0,0,0,0,4,4,0,0,0,0,0,0,0,0,4,4,0,0,0,0,0,0,0,Optimized,1,4,0,0,0,4,4,18,1,0,0,0,0,0,0,4,Run,Injecting,12,Thermoking,NULL,NA,2,2,0,0,0
49,ZGRU980324-3,Madurador,0,"Sin Informacion","2023-04-17 14:03:40","2023-04-17 15:57:41",16,1,131,4,21.8543,-100.894,"2023-05-13 12:52:24",4,4,4,0,0,0,0,0,0,0,0,0,4,4,0,0,0,0,0,0,0,4,4,0,0,0,0,0,0,0,0,4,4,0,0,0,0,0,0,0,Optimized,1,4,0,0,0,4,4,18,1,0,0,0,0,0,0,4,Run,Injecting,12,Thermoking,NULL,NA,2,2,0,0,0
50,ZGRU980409-1,Madurador,0,"Sin Informacion","2023-04-17 14:05:06","2023-04-17 15:50:12",16,1,139,12,-11.5495,-77.275,"2023-05-09 18:42:26",19,19,19.2,0,0,0,0,0,0,0,0,0,97,0,0,0,0,0,0,0,0,25.4,0,0,0,0,0,0,0,0,0,19,19,0,0,0,0,0,0,0,Optimized,1,65,0,0,0,0,1,18,1,0,0,0,0,0,0,0,Pause,"Not Injecting",24,Thermoking,NULL,NA,2,2,0,0,0
51,ZGRU481053-5,Madurador,0,"Sin Informacion","2023-04-17 14:06:46","2023-04-17 16:03:03",16,1,133,20,-11.5495,-77.275,"2023-05-13 11:43:00",22,22,22.2,0,0,0,0,0,0,0,0,0,88,0,0,0,0,0,0,0,0,25.3,0,0,0,0,0,0,0,0,0,22,22,0,0,0,0,0,0,0,Optimized,1,95,0,0,0,0,1,18,1,0,0,0,0,0,0,0,Pause,"Not Injecting",24,Thermoking,NULL,NA,2,2,0,0,0
52,ZGRU980324-3,Madurador,0,"Sin Informacion","2023-04-17 14:07:32","2023-04-17 15:57:36",16,1,131,4,21.8543,-100.894,"2023-05-13 12:52:24",4,4,4,0,0,0,0,0,0,0,0,0,4,4,0,0,0,0,0,0,0,4,4,0,0,0,0,0,0,0,0,4,4,0,0,0,0,0,0,0,Optimized,1,4,0,0,0,4,4,18,1,0,0,0,0,0,0,4,Run,Injecting,12,Thermoking,NULL,NA,2,2,0,0,0
53,ZGRU573060-4,Madurador,0,"Sin Informacion","2023-04-17 14:08:01","2023-04-17 16:08:06",16,1,142,20,-11.5495,-77.275,"2023-05-13 12:55:52",23,23,23.1,0,0,0,0,0,0,0,0,0,86,0,0,0,0,0,0,0,0,25.4,20.7,0,0,0,0,0,0,0,0,23,23,0,0,0,0,0,0,0,Optimized,1,65,0,0,0,0,0,18,1,0,0,0,0,0,0,0,Run,Injecting,0,Thermoking,NULL,NA,2,2,0,0,0
54,ZGRU481346-8,Madurador,0,"Sin Informacion","2023-04-17 14:08:02","2023-04-17 16:06:27",16,1,134,20,-11.5495,-77.275,"2023-05-13 12:53:59",22.9,22.9,23.4,0,0,0,0,0,0,0,0,0,84,0,0,0,0,0,0,0,0,25.3,0,0,0,0,0,0,0,0,0,22.9,22.9,0,0,0,0,0,0,0,Optimized,1,95,0,0,0,0,2,18,1,0,0,0,0,0,0,0,Run,Injecting,0,Thermoking,NULL,NA,2,2,0,0,0
55,ZGRU560248-1,Madurador,0,"Sin Informacion","2023-04-17 14:08:27","2023-04-17 16:07:25",16,1,144,0,-11.5495,-77.275,"2023-05-13 12:53:58",0,0,0,0,0,0,0,0,0,0,0,0,0,0,0,0,0,0,0,0,0,0,0,0,0,0,0,0,0,0,0,0,0,0,0,0,0,0,0,0,Optimized,1,0,0,0,0,0,0,18,1,0,0,0,0,0,0,0,Run,Injecting,0,Thermoking,NULL,NA,2,2,0,0,0
56,ZGRU980390-0,Madurador,0,"Sin Informacion","2023-04-17 14:09:47","2023-04-17 16:04:48",16,1,135,20,-11.5495,-77.275,"2023-05-13 12:55:07",22.4,22.4,22.7,0,0,0,0,0,0,0,0,0,97,0,0,0,0,0,0,0,0,25.4,20.6,0,0,0,0,0,0,0,0,22.4,22.4,0,0,0,0,0,0,0,Optimized,1,65,0,0,0,0,0,18,1,0,0,0,0,0,0,0,Reset,"Not Injecting",24,Thermoking,NULL,NA,2,2,0,0,0
57,ZGRU980364-4,Madurador,0,"Sin Informacion","2023-04-17 14:10:24","2023-04-17 16:01:33",16,1,136,20,-11.5495,-77.275,"2023-05-13 12:54:12",22.6,22.6,22.8,0,0,0,0,0,0,0,0,0,84,0,0,0,0,0,0,0,0,25.4,76.8,0,0,0,0,0,0,0,0,22.6,22.6,0,0,0,0,0,0,0,Optimized,1,95,0,0,0,0,0,18,1,0,0,0,0,0,0,0,Reset,"Not Injecting",24,Thermoking,NULL,NA,2,2,0,0,0
58,NULL,Reefer,0,"Sin Informacion","2023-04-17 14:15:28","2023-04-17 14:30:19",16,1,NULL,0,NULL,NULL,"2023-04-17 14:15:28",0,NULL,0,0,NULL,NULL,NULL,0,NULL,NULL,NULL,NULL,0,NULL,NULL,NULL,NULL,NULL,NULL,NULL,NULL,NULL,NULL,NULL,NULL,NULL,NULL,NULL,NULL,NULL,NULL,NULL,NULL,NULL,NULL,NULL,NULL,NULL,NULL,NULL,NULL,NULL,NULL,NULL,NULL,NULL,NULL,NULL,NULL,NULL,NULL,NULL,NULL,NULL,NULL,NULL,NULL,NULL,NULL,NULL,NULL,NULL,NA,1,1,0,0,0
59,ZGRU980324-3,Madurador,0,"Sin Informacion","2023-04-17 14:17:35","2023-04-17 15:57:24",16,1,131,4,21.8543,-100.894,"2023-05-13 12:52:24",4,4,4,0,0,0,0,0,0,0,0,0,4,4,0,0,0,0,0,0,0,4,4,0,0,0,0,0,0,0,0,4,4,0,0,0,0,0,0,0,Optimized,1,4,0,0,0,4,4,18,1,0,0,0,0,0,0,4,Run,Injecting,12,Thermoking,NULL,NA,2,2,0,0,0
60,ZGRU481346-8,Madurador,0,"Sin Informacion","2023-04-17 14:18:23","2023-04-17 16:06:22",16,1,134,20,-11.5495,-77.275,"2023-05-13 12:53:59",22.9,22.9,23.4,0,0,0,0,0,0,0,0,0,84,0,0,0,0,0,0,0,0,25.3,0,0,0,0,0,0,0,0,0,22.9,22.9,0,0,0,0,0,0,0,Optimized,1,95,0,0,0,0,2,18,1,0,0,0,0,0,0,0,Run,Injecting,0,Thermoking,NULL,NA,2,2,0,0,0
61,ZGRU560248-1,Madurador,1,"Sin Informacion","2023-04-17 14:18:48","2023-04-17 14:18:48",16,1,144,0,-11.5495,-77.275,"2023-05-13 12:53:58",0,0,0,0,0,0,0,0,0,0,0,0,0,0,0,0,0,0,0,0,0,0,0,0,0,0,0,0,0,0,0,0,0,0,0,0,0,0,0,0,Optimized,1,0,0,0,0,0,0,18,1,0,0,0,0,0,0,0,Run,Injecting,0,Thermoking,NULL,NA,2,2,0,0,0
62,ZGRU980390-0,Madurador,0,"Sin Informacion","2023-04-17 14:20:09","2023-04-17 16:04:43",16,1,135,20,-11.5495,-77.275,"2023-05-13 12:55:07",22.4,22.4,22.7,0,0,0,0,0,0,0,0,0,97,0,0,0,0,0,0,0,0,25.4,20.6,0,0,0,0,0,0,0,0,22.4,22.4,0,0,0,0,0,0,0,Optimized,1,65,0,0,0,0,0,18,1,0,0,0,0,0,0,0,Reset,"Not Injecting",24,Thermoking,NULL,NA,2,2,0,0,0
63,ZGRU980364-4,Madurador,0,"Sin Informacion","2023-04-17 14:20:46","2023-04-17 16:01:25",16,1,136,20,-11.5495,-77.275,"2023-05-13 12:54:12",22.6,22.6,22.8,0,0,0,0,0,0,0,0,0,84,0,0,0,0,0,0,0,0,25.4,76.8,0,0,0,0,0,0,0,0,22.6,22.6,0,0,0,0,0,0,0,Optimized,1,95,0,0,0,0,0,18,1,0,0,0,0,0,0,0,Reset,"Not Injecting",24,Thermoking,NULL,NA,2,2,0,0,0
64,ZGRU980324-3,Madurador,0,"Sin Informacion","2023-04-17 14:21:19","2023-04-17 15:57:18",16,1,131,4,21.8543,-100.894,"2023-05-13 12:52:24",4,4,4,0,0,0,0,0,0,0,0,0,4,4,0,0,0,0,0,0,0,4,4,0,0,0,0,0,0,0,0,4,4,0,0,0,0,0,0,0,Optimized,1,4,0,0,0,4,4,18,1,0,0,0,0,0,0,4,Run,Injecting,12,Thermoking,NULL,NA,2,2,0,0,0
65,ZGRU980324-3,Madurador,0,"Sin Informacion","2023-04-17 14:22:43","2023-04-17 15:57:13",16,1,131,4,21.8543,-100.894,"2023-05-13 12:52:24",4,4,4,0,0,0,0,0,0,0,0,0,4,4,0,0,0,0,0,0,0,4,4,0,0,0,0,0,0,0,0,4,4,0,0,0,0,0,0,0,Optimized,1,4,0,0,0,4,4,18,1,0,0,0,0,0,0,4,Run,Injecting,12,Thermoking,NULL,NA,2,2,0,0,0
66,ZGRU980324-3,Madurador,0,"Sin Informacion","2023-04-17 14:23:50","2023-04-17 15:56:04",16,1,131,4,21.8543,-100.894,"2023-05-13 12:52:24",4,4,4,0,0,0,0,0,0,0,0,0,4,4,0,0,0,0,0,0,0,4,4,0,0,0,0,0,0,0,0,4,4,0,0,0,0,0,0,0,Optimized,1,4,0,0,0,4,4,18,1,0,0,0,0,0,0,4,Run,Injecting,12,Thermoking,NULL,NA,2,2,0,0,0
67,ZGRU980324-3,Madurador,0,"Sin Informacion","2023-04-17 14:24:07","2023-04-17 15:57:08",16,1,131,4,21.8543,-100.894,"2023-05-13 12:52:24",4,4,4,0,0,0,0,0,0,0,0,0,4,4,0,0,0,0,0,0,0,4,4,0,0,0,0,0,0,0,0,4,4,0,0,0,0,0,0,0,Optimized,1,4,0,0,0,4,4,18,1,0,0,0,0,0,0,4,Run,Injecting,12,Thermoking,NULL,NA,2,2,0,0,0
68,ZGRU980324-3,Madurador,0,"Sin Informacion","2023-04-17 14:25:17","2023-04-17 15:56:55",16,1,131,4,21.8543,-100.894,"2023-05-13 12:52:24",4,4,4,0,0,0,0,0,0,0,0,0,4,4,0,0,0,0,0,0,0,4,4,0,0,0,0,0,0,0,0,4,4,0,0,0,0,0,0,0,Optimized,1,4,0,0,0,4,4,18,1,0,0,0,0,0,0,4,Run,Injecting,12,Thermoking,NULL,NA,2,2,0,0,0
69,ZGRU980324-3,Madurador,0,"Sin Informacion","2023-04-17 14:25:34","2023-04-17 15:56:48",16,1,131,4,21.8543,-100.894,"2023-05-13 12:52:24",4,4,4,0,0,0,0,0,0,0,0,0,4,4,0,0,0,0,0,0,0,4,4,0,0,0,0,0,0,0,0,4,4,0,0,0,0,0,0,0,Optimized,1,4,0,0,0,4,4,18,1,0,0,0,0,0,0,4,Run,Injecting,12,Thermoking,NULL,NA,2,2,0,0,0
70,ZGRU980409-1,Madurador,1,"Sin Informacion","2023-04-17 14:25:41","2023-04-17 14:25:41",16,1,139,12,-11.5495,-77.275,"2023-05-09 18:42:26",19,19,19.2,0,0,0,0,0,0,0,0,0,97,0,0,0,0,0,0,0,0,25.4,0,0,0,0,0,0,0,0,0,19,19,0,0,0,0,0,0,0,Optimized,1,65,0,0,0,0,1,18,1,0,0,0,0,0,0,0,Pause,"Not Injecting",24,Thermoking,NULL,NA,2,2,0,0,0
71,ZGRU481053-5,Madurador,0,"Sin Informacion","2023-04-17 14:27:13","2023-04-17 16:02:57",16,1,133,20,-11.5495,-77.275,"2023-05-13 11:43:00",22,22,22.2,0,0,0,0,0,0,0,0,0,88,0,0,0,0,0,0,0,0,25.3,0,0,0,0,0,0,0,0,0,22,22,0,0,0,0,0,0,0,Optimized,1,95,0,0,0,0,1,18,1,0,0,0,0,0,0,0,Pause,"Not Injecting",24,Thermoking,NULL,NA,2,2,0,0,0
72,ZGRU481346-8,Madurador,0,"Sin Informacion","2023-04-17 14:28:40","2023-04-17 16:06:14",16,1,134,20,-11.5495,-77.275,"2023-05-13 12:53:59",22.9,22.9,23.4,0,0,0,0,0,0,0,0,0,84,0,0,0,0,0,0,0,0,25.3,0,0,0,0,0,0,0,0,0,22.9,22.9,0,0,0,0,0,0,0,Optimized,1,95,0,0,0,0,2,18,1,0,0,0,0,0,0,0,Run,Injecting,0,Thermoking,NULL,NA,2,2,0,0,0
73,ZGRU980324-3,Madurador,0,"Sin Informacion","2023-04-17 14:30:17","2023-04-17 15:56:43",16,1,131,4,21.8543,-100.894,"2023-05-13 12:52:24",4,4,4,0,0,0,0,0,0,0,0,0,4,4,0,0,0,0,0,0,0,4,4,0,0,0,0,0,0,0,0,4,4,0,0,0,0,0,0,0,Optimized,1,4,0,0,0,4,4,18,1,0,0,0,0,0,0,4,Run,Injecting,12,Thermoking,NULL,NA,2,2,0,0,0
74,ZGRU980390-0,Madurador,0,"Sin Informacion","2023-04-17 14:30:27","2023-04-17 16:04:38",16,1,135,20,-11.5495,-77.275,"2023-05-13 12:55:07",22.4,22.4,22.7,0,0,0,0,0,0,0,0,0,97,0,0,0,0,0,0,0,0,25.4,20.6,0,0,0,0,0,0,0,0,22.4,22.4,0,0,0,0,0,0,0,Optimized,1,65,0,0,0,0,0,18,1,0,0,0,0,0,0,0,Reset,"Not Injecting",24,Thermoking,NULL,NA,2,2,0,0,0
75,ZGRU980364-4,Madurador,0,"Sin Informacion","2023-04-17 14:31:05","2023-04-17 16:01:20",16,1,136,20,-11.5495,-77.275,"2023-05-13 12:54:12",22.6,22.6,22.8,0,0,0,0,0,0,0,0,0,84,0,0,0,0,0,0,0,0,25.4,76.8,0,0,0,0,0,0,0,0,22.6,22.6,0,0,0,0,0,0,0,Optimized,1,95,0,0,0,0,0,18,1,0,0,0,0,0,0,0,Reset,"Not Injecting",24,Thermoking,NULL,NA,2,2,0,0,0
76,ZGRU980409-1,Madurador,0,"Sin Informacion","2023-04-17 14:35:55","2023-04-17 15:59:28",16,1,139,12,-11.5495,-77.275,"2023-05-09 18:42:26",19,19,19.2,0,0,0,0,0,0,0,0,0,97,0,0,0,0,0,0,0,0,25.4,0,0,0,0,0,0,0,0,0,19,19,0,0,0,0,0,0,0,Optimized,1,65,0,0,0,0,1,18,1,0,0,0,0,0,0,0,Pause,"Not Injecting",24,Thermoking,NULL,NA,2,2,0,0,0
77,ZGRU481053-5,Madurador,0,"Sin Informacion","2023-04-17 14:37:33","2023-04-17 16:02:51",16,1,133,20,-11.5495,-77.275,"2023-05-13 11:43:00",22,22,22.2,0,0,0,0,0,0,0,0,0,88,0,0,0,0,0,0,0,0,25.3,0,0,0,0,0,0,0,0,0,22,22,0,0,0,0,0,0,0,Optimized,1,95,0,0,0,0,1,18,1,0,0,0,0,0,0,0,Pause,"Not Injecting",24,Thermoking,NULL,NA,2,2,0,0,0
78,ZGRU481346-8,Madurador,0,"Sin Informacion","2023-04-17 14:39:05","2023-04-17 16:06:08",16,1,134,20,-11.5495,-77.275,"2023-05-13 12:53:59",22.9,22.9,23.4,0,0,0,0,0,0,0,0,0,84,0,0,0,0,0,0,0,0,25.3,0,0,0,0,0,0,0,0,0,22.9,22.9,0,0,0,0,0,0,0,Optimized,1,95,0,0,0,0,2,18,1,0,0,0,0,0,0,0,Run,Injecting,0,Thermoking,NULL,NA,2,2,0,0,0
79,ZGRU980390-0,Madurador,0,"Sin Informacion","2023-04-17 14:40:48","2023-04-17 16:04:33",16,1,135,20,-11.5495,-77.275,"2023-05-13 12:55:07",22.4,22.4,22.7,0,0,0,0,0,0,0,0,0,97,0,0,0,0,0,0,0,0,25.4,20.6,0,0,0,0,0,0,0,0,22.4,22.4,0,0,0,0,0,0,0,Optimized,1,65,0,0,0,0,0,18,1,0,0,0,0,0,0,0,Reset,"Not Injecting",24,Thermoking,NULL,NA,2,2,0,0,0
80,ZGRU980364-4,Madurador,0,"Sin Informacion","2023-04-17 14:41:25","2023-04-17 16:01:15",16,1,136,20,-11.5495,-77.275,"2023-05-13 12:54:12",22.6,22.6,22.8,0,0,0,0,0,0,0,0,0,84,0,0,0,0,0,0,0,0,25.4,76.8,0,0,0,0,0,0,0,0,22.6,22.6,0,0,0,0,0,0,0,Optimized,1,95,0,0,0,0,0,18,1,0,0,0,0,0,0,0,Reset,"Not Injecting",24,Thermoking,NULL,NA,2,2,0,0,0
81,ZGRU980324-3,Madurador,0,"Sin Informacion","2023-04-17 14:41:28","2023-04-17 15:56:39",16,1,131,4,21.8543,-100.894,"2023-05-13 12:52:24",4,4,4,0,0,0,0,0,0,0,0,0,4,4,0,0,0,0,0,0,0,4,4,0,0,0,0,0,0,0,0,4,4,0,0,0,0,0,0,0,Optimized,1,4,0,0,0,4,4,18,1,0,0,0,0,0,0,4,Run,Injecting,12,Thermoking,NULL,NA,2,2,0,0,0
82,ZGRU980324-3,Madurador,0,"Sin Informacion","2023-04-17 14:43:59","2023-04-17 15:54:57",16,1,131,4,21.8543,-100.894,"2023-05-13 12:52:24",4,4,4,0,0,0,0,0,0,0,0,0,4,4,0,0,0,0,0,0,0,4,4,0,0,0,0,0,0,0,0,4,4,0,0,0,0,0,0,0,Optimized,1,4,0,0,0,4,4,18,1,0,0,0,0,0,0,4,Run,Injecting,12,Thermoking,NULL,NA,2,2,0,0,0
83,ZGRU980324-3,Madurador,0,"Sin Informacion","2023-04-17 14:45:15","2023-04-17 15:54:42",16,1,131,4,21.8543,-100.894,"2023-05-13 12:52:24",4,4,4,0,0,0,0,0,0,0,0,0,4,4,0,0,0,0,0,0,0,4,4,0,0,0,0,0,0,0,0,4,4,0,0,0,0,0,0,0,Optimized,1,4,0,0,0,4,4,18,1,0,0,0,0,0,0,4,Run,Injecting,12,Thermoking,NULL,NA,2,2,0,0,0
84,ZGRU980409-1,Madurador,0,"Sin Informacion","2023-04-17 14:46:17","2023-04-17 15:59:23",16,1,139,12,-11.5495,-77.275,"2023-05-09 18:42:26",19,19,19.2,0,0,0,0,0,0,0,0,0,97,0,0,0,0,0,0,0,0,25.4,0,0,0,0,0,0,0,0,0,19,19,0,0,0,0,0,0,0,Optimized,1,65,0,0,0,0,1,18,1,0,0,0,0,0,0,0,Pause,"Not Injecting",24,Thermoking,NULL,NA,2,2,0,0,0
85,ZGRU481346-8,Madurador,0,"Sin Informacion","2023-04-17 14:49:20","2023-04-17 16:06:02",16,1,134,20,-11.5495,-77.275,"2023-05-13 12:53:59",22.9,22.9,23.4,0,0,0,0,0,0,0,0,0,84,0,0,0,0,0,0,0,0,25.3,0,0,0,0,0,0,0,0,0,22.9,22.9,0,0,0,0,0,0,0,Optimized,1,95,0,0,0,0,2,18,1,0,0,0,0,0,0,0,Run,Injecting,0,Thermoking,NULL,NA,2,2,0,0,0
86,ZGRU980324-3,Madurador,0,"Sin Informacion","2023-04-17 14:50:25","2023-04-17 15:54:33",16,1,131,4,21.8543,-100.894,"2023-05-13 12:52:24",4,4,4,0,0,0,0,0,0,0,0,0,4,4,0,0,0,0,0,0,0,4,4,0,0,0,0,0,0,0,0,4,4,0,0,0,0,0,0,0,Optimized,1,4,0,0,0,4,4,18,1,0,0,0,0,0,0,4,Run,Injecting,12,Thermoking,NULL,NA,2,2,0,0,0
87,ZGRU980390-0,Madurador,0,"Sin Informacion","2023-04-17 14:51:14","2023-04-17 16:04:27",16,1,135,20,-11.5495,-77.275,"2023-05-13 12:55:07",22.4,22.4,22.7,0,0,0,0,0,0,0,0,0,97,0,0,0,0,0,0,0,0,25.4,20.6,0,0,0,0,0,0,0,0,22.4,22.4,0,0,0,0,0,0,0,Optimized,1,65,0,0,0,0,0,18,1,0,0,0,0,0,0,0,Reset,"Not Injecting",24,Thermoking,NULL,NA,2,2,0,0,0
88,ZGRU980364-4,Madurador,0,"Sin Informacion","2023-04-17 14:51:51","2023-04-17 16:01:09",16,1,136,20,-11.5495,-77.275,"2023-05-13 12:54:12",22.6,22.6,22.8,0,0,0,0,0,0,0,0,0,84,0,0,0,0,0,0,0,0,25.4,76.8,0,0,0,0,0,0,0,0,22.6,22.6,0,0,0,0,0,0,0,Optimized,1,95,0,0,0,0,0,18,1,0,0,0,0,0,0,0,Reset,"Not Injecting",24,Thermoking,NULL,NA,2,2,0,0,0
89,ZGRU980324-3,Madurador,0,"Sin Informacion","2023-04-17 14:54:04","2023-04-17 15:54:20",16,1,131,4,21.8543,-100.894,"2023-05-13 12:52:24",4,4,4,0,0,0,0,0,0,0,0,0,4,4,0,0,0,0,0,0,0,4,4,0,0,0,0,0,0,0,0,4,4,0,0,0,0,0,0,0,Optimized,1,4,0,0,0,4,4,18,1,0,0,0,0,0,0,4,Run,Injecting,12,Thermoking,NULL,NA,2,2,0,0,0
90,ZGRU980409-1,Madurador,0,"Sin Informacion","2023-04-17 14:56:35","2023-04-17 15:59:18",16,1,139,12,-11.5495,-77.275,"2023-05-09 18:42:26",19,19,19.2,0,0,0,0,0,0,0,0,0,97,0,0,0,0,0,0,0,0,25.4,0,0,0,0,0,0,0,0,0,19,19,0,0,0,0,0,0,0,Optimized,1,65,0,0,0,0,1,18,1,0,0,0,0,0,0,0,Pause,"Not Injecting",24,Thermoking,NULL,NA,2,2,0,0,0
91,ZGRU980324-3,Madurador,0,"Sin Informacion","2023-04-17 14:56:36","2023-04-17 15:56:32",16,1,131,4,21.8543,-100.894,"2023-05-13 12:52:24",4,4,4,0,0,0,0,0,0,0,0,0,4,4,0,0,0,0,0,0,0,4,4,0,0,0,0,0,0,0,0,4,4,0,0,0,0,0,0,0,Optimized,1,4,0,0,0,4,4,18,1,0,0,0,0,0,0,4,Run,Injecting,12,Thermoking,NULL,NA,2,2,0,0,0
92,ZGRU980324-3,Madurador,0,"Sin Informacion","2023-04-17 14:59:06","2023-04-17 15:54:01",16,1,131,4,21.8543,-100.894,"2023-05-13 12:52:24",4,4,4,0,0,0,0,0,0,0,0,0,4,4,0,0,0,0,0,0,0,4,4,0,0,0,0,0,0,0,0,4,4,0,0,0,0,0,0,0,Optimized,1,4,0,0,0,4,4,18,1,0,0,0,0,0,0,4,Run,Injecting,12,Thermoking,NULL,NA,2,2,0,0,0
93,ZGRU481346-8,Madurador,0,"Sin Informacion","2023-04-17 14:59:53","2023-04-17 16:05:57",16,1,134,20,-11.5495,-77.275,"2023-05-13 12:53:59",22.9,22.9,23.4,0,0,0,0,0,0,0,0,0,84,0,0,0,0,0,0,0,0,25.3,0,0,0,0,0,0,0,0,0,22.9,22.9,0,0,0,0,0,0,0,Optimized,1,95,0,0,0,0,2,18,1,0,0,0,0,0,0,0,Run,Injecting,0,Thermoking,NULL,NA,2,2,0,0,0
94,ZGRU980324-3,Madurador,0,"Sin Informacion","2023-04-17 15:00:22","2023-04-17 15:53:54",16,1,131,4,21.8543,-100.894,"2023-05-13 12:52:24",4,4,4,0,0,0,0,0,0,0,0,0,4,4,0,0,0,0,0,0,0,4,4,0,0,0,0,0,0,0,0,4,4,0,0,0,0,0,0,0,Optimized,1,4,0,0,0,4,4,18,1,0,0,0,0,0,0,4,Run,Injecting,12,Thermoking,NULL,NA,2,2,0,0,0
95,ZGRU980390-0,Madurador,0,"Sin Informacion","2023-04-17 15:01:37","2023-04-17 16:04:21",16,1,135,20,-11.5495,-77.275,"2023-05-13 12:55:07",22.4,22.4,22.7,0,0,0,0,0,0,0,0,0,97,0,0,0,0,0,0,0,0,25.4,20.6,0,0,0,0,0,0,0,0,22.4,22.4,0,0,0,0,0,0,0,Optimized,1,65,0,0,0,0,0,18,1,0,0,0,0,0,0,0,Reset,"Not Injecting",24,Thermoking,NULL,NA,2,2,0,0,0
96,ZGRU980364-4,Madurador,0,"Sin Informacion","2023-04-17 15:02:04","2023-04-17 16:01:04",16,1,136,20,-11.5495,-77.275,"2023-05-13 12:54:12",22.6,22.6,22.8,0,0,0,0,0,0,0,0,0,84,0,0,0,0,0,0,0,0,25.4,76.8,0,0,0,0,0,0,0,0,22.6,22.6,0,0,0,0,0,0,0,Optimized,1,95,0,0,0,0,0,18,1,0,0,0,0,0,0,0,Reset,"Not Injecting",24,Thermoking,NULL,NA,2,2,0,0,0
97,ZGRU980409-1,Madurador,0,"Sin Informacion","2023-04-17 15:06:58","2023-04-17 15:59:13",16,1,139,12,-11.5495,-77.275,"2023-05-09 18:42:26",19,19,19.2,0,0,0,0,0,0,0,0,0,97,0,0,0,0,0,0,0,0,25.4,0,0,0,0,0,0,0,0,0,19,19,0,0,0,0,0,0,0,Optimized,1,65,0,0,0,0,1,18,1,0,0,0,0,0,0,0,Pause,"Not Injecting",24,Thermoking,NULL,NA,2,2,0,0,0
98,ZGRU980324-3,Madurador,0,"Sin Informacion","2023-04-17 15:07:55","2023-04-17 15:56:26",16,1,131,4,21.8543,-100.894,"2023-05-13 12:52:24",4,4,4,0,0,0,0,0,0,0,0,0,4,4,0,0,0,0,0,0,0,4,4,0,0,0,0,0,0,0,0,4,4,0,0,0,0,0,0,0,Optimized,1,4,0,0,0,4,4,18,1,0,0,0,0,0,0,4,Run,Injecting,12,Thermoking,NULL,NA,2,2,0,0,0
99,ZGRU481346-8,Madurador,0,"Sin Informacion","2023-04-17 15:09:59","2023-04-17 16:05:51",16,1,134,20,-11.5495,-77.275,"2023-05-13 12:53:59",22.9,22.9,23.4,0,0,0,0,0,0,0,0,0,84,0,0,0,0,0,0,0,0,25.3,0,0,0,0,0,0,0,0,0,22.9,22.9,0,0,0,0,0,0,0,Optimized,1,95,0,0,0,0,2,18,1,0,0,0,0,0,0,0,Run,Injecting,0,Thermoking,NULL,NA,2,2,0,0,0
100,ZGRU980324-3,Madurador,0,"Sin Informacion","2023-04-17 15:10:28","2023-04-17 15:56:15",16,1,131,4,21.8543,-100.894,"2023-05-13 12:52:24",4,4,4,0,0,0,0,0,0,0,0,0,4,4,0,0,0,0,0,0,0,4,4,0,0,0,0,0,0,0,0,4,4,0,0,0,0,0,0,0,Optimized,1,4,0,0,0,4,4,18,1,0,0,0,0,0,0,4,Run,Injecting,12,Thermoking,NULL,NA,2,2,0,0,0
101,ZGRU980390-0,Madurador,0,"Sin Informacion","2023-04-17 15:11:56","2023-04-17 16:04:12",16,1,135,20,-11.5495,-77.275,"2023-05-13 12:55:07",22.4,22.4,22.7,0,0,0,0,0,0,0,0,0,97,0,0,0,0,0,0,0,0,25.4,20.6,0,0,0,0,0,0,0,0,22.4,22.4,0,0,0,0,0,0,0,Optimized,1,65,0,0,0,0,0,18,1,0,0,0,0,0,0,0,Reset,"Not Injecting",24,Thermoking,NULL,NA,2,2,0,0,0
102,ZGRU980364-4,Madurador,0,"Sin Informacion","2023-04-17 15:12:23","2023-04-17 16:00:59",16,1,136,20,-11.5495,-77.275,"2023-05-13 12:54:12",22.6,22.6,22.8,0,0,0,0,0,0,0,0,0,84,0,0,0,0,0,0,0,0,25.4,76.8,0,0,0,0,0,0,0,0,22.6,22.6,0,0,0,0,0,0,0,Optimized,1,95,0,0,0,0,0,18,1,0,0,0,0,0,0,0,Reset,"Not Injecting",24,Thermoking,NULL,NA,2,2,0,0,0
103,ZGRU980409-1,Madurador,0,"Sin Informacion","2023-04-17 15:17:13","2023-04-17 15:59:08",16,1,139,12,-11.5495,-77.275,"2023-05-09 18:42:26",19,19,19.2,0,0,0,0,0,0,0,0,0,97,0,0,0,0,0,0,0,0,25.4,0,0,0,0,0,0,0,0,0,19,19,0,0,0,0,0,0,0,Optimized,1,65,0,0,0,0,1,18,1,0,0,0,0,0,0,0,Pause,"Not Injecting",24,Thermoking,NULL,NA,2,2,0,0,0
104,ZGRU980324-3,Madurador,0,"Sin Informacion","2023-04-17 15:19:33","2023-04-17 15:55:33",16,1,131,4,21.8543,-100.894,"2023-05-13 12:52:24",4,4,4,0,0,0,0,0,0,0,0,0,4,4,0,0,0,0,0,0,0,4,4,0,0,0,0,0,0,0,0,4,4,0,0,0,0,0,0,0,Optimized,1,4,0,0,0,4,4,18,1,0,0,0,0,0,0,4,Run,Injecting,12,Thermoking,NULL,NA,2,2,0,0,0
105,ZGRU481346-8,Madurador,0,"Sin Informacion","2023-04-17 15:20:20","2023-04-17 16:05:44",16,1,134,20,-11.5495,-77.275,"2023-05-13 12:53:59",22.9,22.9,23.4,0,0,0,0,0,0,0,0,0,84,0,0,0,0,0,0,0,0,25.3,0,0,0,0,0,0,0,0,0,22.9,22.9,0,0,0,0,0,0,0,Optimized,1,95,0,0,0,0,2,18,1,0,0,0,0,0,0,0,Run,Injecting,0,Thermoking,NULL,NA,2,2,0,0,0
106,ZGRU980409-1,Madurador,0,"Sin Informacion","2023-04-17 15:27:36","2023-04-17 15:59:00",16,1,139,12,-11.5495,-77.275,"2023-05-09 18:42:26",19,19,19.2,0,0,0,0,0,0,0,0,0,97,0,0,0,0,0,0,0,0,25.4,0,0,0,0,0,0,0,0,0,19,19,0,0,0,0,0,0,0,Optimized,1,65,0,0,0,0,1,18,1,0,0,0,0,0,0,0,Pause,"Not Injecting",24,Thermoking,NULL,NA,2,2,0,0,0
107,ZGRU980324-3,Madurador,0,"Sin Informacion","2023-04-17 15:28:26","2023-04-17 15:55:25",16,1,131,4,21.8543,-100.894,"2023-05-13 12:52:24",4,4,4,0,0,0,0,0,0,0,0,0,4,4,0,0,0,0,0,0,0,4,4,0,0,0,0,0,0,0,0,4,4,0,0,0,0,0,0,0,Optimized,1,4,0,0,0,4,4,18,1,0,0,0,0,0,0,4,Run,Injecting,12,Thermoking,NULL,NA,2,2,0,0,0
108,NULL,Reefer,0,"Sin Informacion","2023-04-17 15:29:46","2023-04-17 15:38:02",16,1,NULL,0,NULL,NULL,"2023-04-17 15:29:46",0,NULL,0,0,NULL,NULL,NULL,0,NULL,NULL,NULL,NULL,0,NULL,NULL,NULL,NULL,NULL,NULL,NULL,NULL,NULL,NULL,NULL,NULL,NULL,NULL,NULL,NULL,NULL,NULL,NULL,NULL,NULL,NULL,NULL,NULL,NULL,NULL,NULL,NULL,NULL,NULL,NULL,NULL,NULL,NULL,NULL,NULL,NULL,NULL,NULL,NULL,NULL,NULL,NULL,NULL,NULL,NULL,NULL,NULL,NULL,NA,1,1,0,0,0
109,ZGRU481346-8,Madurador,0,"Sin Informacion","2023-04-17 15:30:38","2023-04-17 16:05:31",16,1,134,20,-11.5495,-77.275,"2023-05-13 12:53:59",22.9,22.9,23.4,0,0,0,0,0,0,0,0,0,84,0,0,0,0,0,0,0,0,25.3,0,0,0,0,0,0,0,0,0,22.9,22.9,0,0,0,0,0,0,0,Optimized,1,95,0,0,0,0,2,18,1,0,0,0,0,0,0,0,Run,Injecting,0,Thermoking,NULL,NA,2,2,0,0,0
110,ZGRU980324-3,Madurador,0,"Sin Informacion","2023-04-17 15:32:03","2023-04-17 15:55:19",16,1,131,4,21.8543,-100.894,"2023-05-13 12:52:24",4,4,4,0,0,0,0,0,0,0,0,0,4,4,0,0,0,0,0,0,0,4,4,0,0,0,0,0,0,0,0,4,4,0,0,0,0,0,0,0,Optimized,1,4,0,0,0,4,4,18,1,0,0,0,0,0,0,4,Run,Injecting,12,Thermoking,NULL,NA,2,2,0,0,0
111,ZGRU980364-4,Madurador,0,"Sin Informacion","2023-04-17 15:33:08","2023-04-17 16:00:54",16,1,136,20,-11.5495,-77.275,"2023-05-13 12:54:12",22.6,22.6,22.8,0,0,0,0,0,0,0,0,0,84,0,0,0,0,0,0,0,0,25.4,76.8,0,0,0,0,0,0,0,0,22.6,22.6,0,0,0,0,0,0,0,Optimized,1,95,0,0,0,0,0,18,1,0,0,0,0,0,0,0,Reset,"Not Injecting",24,Thermoking,NULL,NA,2,2,0,0,0
112,ZGRU980409-1,Madurador,0,"Sin Informacion","2023-04-17 15:37:57","2023-04-17 15:50:35",16,1,139,12,-11.5495,-77.275,"2023-05-09 18:42:26",19,19,19.2,0,0,0,0,0,0,0,0,0,97,0,0,0,0,0,0,0,0,25.4,0,0,0,0,0,0,0,0,0,19,19,0,0,0,0,0,0,0,Optimized,1,65,0,0,0,0,1,18,1,0,0,0,0,0,0,0,Pause,"Not Injecting",24,Thermoking,NULL,NA,2,2,0,0,0
113,ZGRU980324-3,Madurador,0,"Sin Informacion","2023-04-17 15:38:09","2023-04-17 15:54:09",16,1,131,4,21.8543,-100.894,"2023-05-13 12:52:24",4,4,4,0,0,0,0,0,0,0,0,0,4,4,0,0,0,0,0,0,0,4,4,0,0,0,0,0,0,0,0,4,4,0,0,0,0,0,0,0,Optimized,1,4,0,0,0,4,4,18,1,0,0,0,0,0,0,4,Run,Injecting,12,Thermoking,NULL,NA,2,2,0,0,0
114,ZGRU980324-3,Madurador,0,"Sin Informacion","2023-04-17 15:39:25","2023-04-17 15:55:12",16,1,131,4,21.8543,-100.894,"2023-05-13 12:52:24",4,4,4,0,0,0,0,0,0,0,0,0,4,4,0,0,0,0,0,0,0,4,4,0,0,0,0,0,0,0,0,4,4,0,0,0,0,0,0,0,Optimized,1,4,0,0,0,4,4,18,1,0,0,0,0,0,0,4,Run,Injecting,12,Thermoking,NULL,NA,2,2,0,0,0
115,ZGRU481053-5,Madurador,0,"Sin Informacion","2023-04-17 15:39:50","2023-04-17 16:02:46",16,1,133,20,-11.5495,-77.275,"2023-05-13 11:43:00",22,22,22.2,0,0,0,0,0,0,0,0,0,88,0,0,0,0,0,0,0,0,25.3,0,0,0,0,0,0,0,0,0,22,22,0,0,0,0,0,0,0,Optimized,1,95,0,0,0,0,1,18,1,0,0,0,0,0,0,0,Pause,"Not Injecting",24,Thermoking,NULL,NA,2,2,0,0,0
116,ZGRU980324-3,Madurador,0,"Sin Informacion","2023-04-17 15:40:41","2023-04-17 15:55:05",16,1,131,4,21.8543,-100.894,"2023-05-13 12:52:24",4,4,4,0,0,0,0,0,0,0,0,0,4,4,0,0,0,0,0,0,0,4,4,0,0,0,0,0,0,0,0,4,4,0,0,0,0,0,0,0,Optimized,1,4,0,0,0,4,4,18,1,0,0,0,0,0,0,4,Run,Injecting,12,Thermoking,NULL,NA,2,2,0,0,0
117,ZGRU573060-4,Madurador,1,"Sin Informacion","2023-04-17 15:40:49","2023-04-17 15:40:49",16,1,142,20,-11.5495,-77.275,"2023-05-13 12:55:52",23,23,23.1,0,0,0,0,0,0,0,0,0,86,0,0,0,0,0,0,0,0,25.4,20.7,0,0,0,0,0,0,0,0,23,23,0,0,0,0,0,0,0,Optimized,1,65,0,0,0,0,0,18,1,0,0,0,0,0,0,0,Run,Injecting,0,Thermoking,NULL,NA,2,2,0,0,0
118,ZGRU481346-8,Madurador,1,"Sin Informacion","2023-04-17 15:41:05","2023-04-17 15:41:05",16,1,134,20,-11.5495,-77.275,"2023-05-13 12:53:59",22.9,22.9,23.4,0,0,0,0,0,0,0,0,0,84,0,0,0,0,0,0,0,0,25.3,0,0,0,0,0,0,0,0,0,22.9,22.9,0,0,0,0,0,0,0,Optimized,1,95,0,0,0,0,2,18,1,0,0,0,0,0,0,0,Run,Injecting,0,Thermoking,NULL,NA,2,2,0,0,0
119,ZGRU560248-1,Madurador,0,"Sin Informacion","2023-04-17 15:41:52","2023-04-17 16:05:35",16,1,144,0,-11.5495,-77.275,"2023-05-13 12:53:58",0,0,0,0,0,0,0,0,0,0,0,0,0,0,0,0,0,0,0,0,0,0,0,0,0,0,0,0,0,0,0,0,0,0,0,0,0,0,0,0,Optimized,1,0,0,0,0,0,0,18,1,0,0,0,0,0,0,0,Run,Injecting,0,Thermoking,NULL,NA,2,2,0,0,0
120,ZGRU980390-0,Madurador,1,"Sin Informacion","2023-04-17 15:43:05","2023-04-17 15:43:05",16,1,135,20,-11.5495,-77.275,"2023-05-13 12:55:07",22.4,22.4,22.7,0,0,0,0,0,0,0,0,0,97,0,0,0,0,0,0,0,0,25.4,20.6,0,0,0,0,0,0,0,0,22.4,22.4,0,0,0,0,0,0,0,Optimized,1,65,0,0,0,0,0,18,1,0,0,0,0,0,0,0,Reset,"Not Injecting",24,Thermoking,NULL,NA,2,2,0,0,0
121,ZGRU980324-3,Madurador,0,"Sin Informacion","2023-04-17 15:43:12","2023-04-17 15:56:21",16,1,131,4,21.8543,-100.894,"2023-05-13 12:52:24",4,4,4,0,0,0,0,0,0,0,0,0,4,4,0,0,0,0,0,0,0,4,4,0,0,0,0,0,0,0,0,4,4,0,0,0,0,0,0,0,Optimized,1,4,0,0,0,4,4,18,1,0,0,0,0,0,0,4,Run,Injecting,12,Thermoking,NULL,NA,2,2,0,0,0
122,ZGRU980364-4,Madurador,0,"Sin Informacion","2023-04-17 15:43:25","2023-04-17 15:57:29",16,1,136,20,-11.5495,-77.275,"2023-05-13 12:54:12",22.6,22.6,22.8,0,0,0,0,0,0,0,0,0,84,0,0,0,0,0,0,0,0,25.4,76.8,0,0,0,0,0,0,0,0,22.6,22.6,0,0,0,0,0,0,0,Optimized,1,95,0,0,0,0,0,18,1,0,0,0,0,0,0,0,Reset,"Not Injecting",24,Thermoking,NULL,NA,2,2,0,0,0
123,ZGRU980324-3,Madurador,0,"Sin Informacion","2023-04-17 15:46:59","2023-04-17 15:50:54",16,1,131,4,21.8543,-100.894,"2023-05-13 12:52:24",4,4,4,0,0,0,0,0,0,0,0,0,4,4,0,0,0,0,0,0,0,4,4,0,0,0,0,0,0,0,0,4,4,0,0,0,0,0,0,0,Optimized,1,4,0,0,0,4,4,18,1,0,0,0,0,0,0,4,Run,Injecting,12,Thermoking,NULL,NA,2,2,0,0,0
124,ZGRU980409-1,Madurador,0,"Sin Informacion","2023-04-17 15:48:16","2023-04-17 15:50:29",16,1,139,12,-11.5495,-77.275,"2023-05-09 18:42:26",19,19,19.2,0,0,0,0,0,0,0,0,0,97,0,0,0,0,0,0,0,0,25.4,0,0,0,0,0,0,0,0,0,19,19,0,0,0,0,0,0,0,Optimized,1,65,0,0,0,0,1,18,1,0,0,0,0,0,0,0,Pause,"Not Injecting",24,Thermoking,NULL,NA,2,2,0,0,0
125,PROBAR,Reefer,0,"Sin Informacion","2023-04-17 16:45:27","2023-04-17 17:26:34",16,1,217,-25,-11.9803,-77.1226,"2023-04-17 16:47:27",-29.4,NULL,-24.9,0,NULL,NULL,NULL,24,-3277,-3277,-3277,-3277,62,NULL,NULL,NULL,NULL,NULL,NULL,NULL,NULL,NULL,NULL,NULL,NULL,NULL,NULL,NULL,NULL,NULL,NULL,NULL,NULL,NULL,NULL,NULL,NULL,0,NULL,1,OPTIMIZED,NULL,NULL,NULL,NULL,NULL,NULL,NULL,18,6,NULL,NULL,NULL,NULL,NULL,NULL,NULL,NULL,NULL,NULL,NULL,0,NA,1,1,0,0,0
126,ZGRU488256-1,Madurador,1,"Sin Informacion","2023-04-17 18:34:31","2023-04-17 18:34:31",16,1,218,0,-11.5495,-77.275,"2023-05-13 12:54:20",0,0,0,0,0,0,0,0,0,0,0,0,0,0,0,0,0,0,0,0,0,18.7,51.2,0,0,0,0,0,0,0,0,0,0,0,0,0,0,0,0,0,Optimized,1,0,0,0,0,0,0,18,1,0,0,0,0,0,0,0,Reset,"Not Injecting",8,Thermoking,NULL,NA,2,2,0,0,0
127,ZGRU6754503,Madurador,1,"CENCOSUD SANTA ANITA","2023-04-17 19:36:02","2024-04-04 09:30:02",17,1,219,10,-11.9803,-77.1226,"2024-07-19 15:25:33",9.9,-3277,11.7,11.7,37.7,66.4,-3277,23.2,0,-38.5,-38.5,-38.5,84,32766,3276.6,3276.6,451,60,4.7,4.5,4.4,25.4,3276.6,30,1,0,31817.2,10493.5,0,3276.6,3276.6,10,11.7,41.41,0,0.81,3.41,0,17,1,1,0,254,0,32766,3276.6,3276.6,3276.6,18,6,0,0,255,255,255,255,0,0,0,0,THERMOKING,0,NA,2,2,0,0,0
128,ZGRU980235-5,Madurador,1,"Sin Informacion","2023-04-17 22:25:45","2023-04-17 22:25:45",16,1,220,20,-11.5495,-77.275,"2023-05-13 11:43:09",21.9,21.9,21.9,0,0,0,0,0,0,0,0,0,97,0,0,0,0,0,0,0,0,25.4,20.7,0,0,0,0,0,0,0,0,21.9,21.9,0,0,0,0,0,0,0,Optimized,1,95,0,0,0,0,0,18,1,0,0,0,0,0,0,0,Reset,"Not Injecting",22,Thermoking,NULL,NA,2,2,0,0,0
129,NULL,Reefer,0,"Sin Informacion","2023-04-18 00:18:52","2023-04-18 09:49:02",16,1,NULL,0,NULL,NULL,"2023-04-18 00:18:52",0,NULL,0,0,NULL,NULL,NULL,0,NULL,NULL,NULL,NULL,0,NULL,NULL,NULL,NULL,NULL,NULL,NULL,NULL,NULL,NULL,NULL,NULL,NULL,NULL,NULL,NULL,NULL,NULL,NULL,NULL,NULL,NULL,NULL,NULL,NULL,NULL,NULL,NULL,NULL,NULL,NULL,NULL,NULL,NULL,NULL,NULL,NULL,NULL,NULL,NULL,NULL,NULL,NULL,NULL,NULL,NULL,NULL,NULL,NULL,NA,1,1,0,0,0
130,NULL,Reefer,0,"Sin Informacion","2023-04-18 01:11:23","2023-04-18 09:48:57",16,1,NULL,0,NULL,NULL,"2023-04-18 01:11:23",0,NULL,0,0,NULL,NULL,NULL,0,NULL,NULL,NULL,NULL,0,NULL,NULL,NULL,NULL,NULL,NULL,NULL,NULL,NULL,NULL,NULL,NULL,NULL,NULL,NULL,NULL,NULL,NULL,NULL,NULL,NULL,NULL,NULL,NULL,NULL,NULL,NULL,NULL,NULL,NULL,NULL,NULL,NULL,NULL,NULL,NULL,NULL,NULL,NULL,NULL,NULL,NULL,NULL,NULL,NULL,NULL,NULL,NULL,NULL,NA,1,1,0,0,0
131,NULL,Reefer,0,"Sin Informacion","2023-04-19 17:55:50","2023-04-20 10:43:21",16,1,NULL,0,NULL,NULL,"2023-04-19 17:55:50",0,NULL,0,0,NULL,NULL,NULL,0,NULL,NULL,NULL,NULL,0,NULL,NULL,NULL,NULL,NULL,NULL,NULL,NULL,NULL,NULL,NULL,NULL,NULL,NULL,NULL,NULL,NULL,NULL,NULL,NULL,NULL,NULL,NULL,NULL,NULL,NULL,NULL,NULL,NULL,NULL,NULL,NULL,NULL,NULL,NULL,NULL,NULL,NULL,NULL,NULL,NULL,NULL,NULL,NULL,NULL,NULL,NULL,NULL,NULL,NA,1,1,0,0,0
132,NULL,Reefer,0,"Sin Informacion","2023-04-19 18:06:13","2023-04-20 10:43:17",16,1,NULL,0,NULL,NULL,"2023-04-19 18:06:13",0,NULL,0,0,NULL,NULL,NULL,0,NULL,NULL,NULL,NULL,0,NULL,NULL,NULL,NULL,NULL,NULL,NULL,NULL,NULL,NULL,NULL,NULL,NULL,NULL,NULL,NULL,NULL,NULL,NULL,NULL,NULL,NULL,NULL,NULL,NULL,NULL,NULL,NULL,NULL,NULL,NULL,NULL,NULL,NULL,NULL,NULL,NULL,NULL,NULL,NULL,NULL,NULL,NULL,NULL,NULL,NULL,NULL,NULL,NULL,NA,1,1,0,0,0
133,NULL,Reefer,0,"Sin Informacion","2023-04-20 04:19:33","2023-04-20 10:43:12",16,1,NULL,0,NULL,NULL,"2023-04-20 04:19:33",0,NULL,0,0,NULL,NULL,NULL,0,NULL,NULL,NULL,NULL,0,NULL,NULL,NULL,NULL,NULL,NULL,NULL,NULL,NULL,NULL,NULL,NULL,NULL,NULL,NULL,NULL,NULL,NULL,NULL,NULL,NULL,NULL,NULL,NULL,NULL,NULL,NULL,NULL,NULL,NULL,NULL,NULL,NULL,NULL,NULL,NULL,NULL,NULL,NULL,NULL,NULL,NULL,NULL,NULL,NULL,NULL,NULL,NULL,NULL,NA,1,1,0,0,0
134,NULL,Reefer,0,"Sin Informacion","2023-04-20 04:29:56","2023-04-20 10:42:39",16,1,NULL,0,NULL,NULL,"2023-04-20 04:29:56",0,NULL,0,0,NULL,NULL,NULL,0,NULL,NULL,NULL,NULL,0,NULL,NULL,NULL,NULL,NULL,NULL,NULL,NULL,NULL,NULL,NULL,NULL,NULL,NULL,NULL,NULL,NULL,NULL,NULL,NULL,NULL,NULL,NULL,NULL,NULL,NULL,NULL,NULL,NULL,NULL,NULL,NULL,NULL,NULL,NULL,NULL,NULL,NULL,NULL,NULL,NULL,NULL,NULL,NULL,NULL,NULL,NULL,NULL,NULL,NA,1,1,0,0,0
135,NULL,Reefer,0,"Sin Informacion","2023-04-20 05:05:27","2023-04-20 10:42:35",16,1,NULL,0,NULL,NULL,"2023-04-20 05:05:27",0,NULL,0,0,NULL,NULL,NULL,0,NULL,NULL,NULL,NULL,0,NULL,NULL,NULL,NULL,NULL,NULL,NULL,NULL,NULL,NULL,NULL,NULL,NULL,NULL,NULL,NULL,NULL,NULL,NULL,NULL,NULL,NULL,NULL,NULL,NULL,NULL,NULL,NULL,NULL,NULL,NULL,NULL,NULL,NULL,NULL,NULL,NULL,NULL,NULL,NULL,NULL,NULL,NULL,NULL,NULL,NULL,NULL,NULL,NULL,NA,1,1,0,0,0
136,NULL,Reefer,0,"Sin Informacion","2023-04-20 06:01:57","2023-04-20 10:42:30",16,1,NULL,0,NULL,NULL,"2023-04-20 06:01:57",0,NULL,0,0,NULL,NULL,NULL,0,NULL,NULL,NULL,NULL,0,NULL,NULL,NULL,NULL,NULL,NULL,NULL,NULL,NULL,NULL,NULL,NULL,NULL,NULL,NULL,NULL,NULL,NULL,NULL,NULL,NULL,NULL,NULL,NULL,NULL,NULL,NULL,NULL,NULL,NULL,NULL,NULL,NULL,NULL,NULL,NULL,NULL,NULL,NULL,NULL,NULL,NULL,NULL,NULL,NULL,NULL,NULL,NULL,NULL,NA,1,1,0,0,0
137,NULL,Reefer,0,"Sin Informacion","2023-04-20 06:37:28","2023-04-20 10:42:25",16,1,NULL,0,NULL,NULL,"2023-04-20 06:37:28",0,NULL,0,0,NULL,NULL,NULL,0,NULL,NULL,NULL,NULL,0,NULL,NULL,NULL,NULL,NULL,NULL,NULL,NULL,NULL,NULL,NULL,NULL,NULL,NULL,NULL,NULL,NULL,NULL,NULL,NULL,NULL,NULL,NULL,NULL,NULL,NULL,NULL,NULL,NULL,NULL,NULL,NULL,NULL,NULL,NULL,NULL,NULL,NULL,NULL,NULL,NULL,NULL,NULL,NULL,NULL,NULL,NULL,NULL,NULL,NA,1,1,0,0,0
138,NULL,Reefer,0,"Sin Informacion","2023-04-20 08:48:54","2023-04-20 10:42:21",16,1,NULL,0,NULL,NULL,"2023-04-20 08:48:53",0,NULL,0,0,NULL,NULL,NULL,0,NULL,NULL,NULL,NULL,0,NULL,NULL,NULL,NULL,NULL,NULL,NULL,NULL,NULL,NULL,NULL,NULL,NULL,NULL,NULL,NULL,NULL,NULL,NULL,NULL,NULL,NULL,NULL,NULL,NULL,NULL,NULL,NULL,NULL,NULL,NULL,NULL,NULL,NULL,NULL,NULL,NULL,NULL,NULL,NULL,NULL,NULL,NULL,NULL,NULL,NULL,NULL,NULL,NULL,NA,1,1,0,0,0
139,NULL,Reefer,0,"Sin Informacion","2023-04-20 09:35:13","2023-04-20 10:42:17",16,1,NULL,0,NULL,NULL,"2023-04-20 09:35:13",0,NULL,0,0,NULL,NULL,NULL,0,NULL,NULL,NULL,NULL,0,NULL,NULL,NULL,NULL,NULL,NULL,NULL,NULL,NULL,NULL,NULL,NULL,NULL,NULL,NULL,NULL,NULL,NULL,NULL,NULL,NULL,NULL,NULL,NULL,NULL,NULL,NULL,NULL,NULL,NULL,NULL,NULL,NULL,NULL,NULL,NULL,NULL,NULL,NULL,NULL,NULL,NULL,NULL,NULL,NULL,NULL,NULL,NULL,NULL,NA,1,1,0,0,0
140,NULL,Reefer,0,"Sin Informacion","2023-04-20 10:11:57","2023-04-20 10:42:11",16,1,NULL,0,NULL,NULL,"2023-04-20 10:11:56",0,NULL,0,0,NULL,NULL,NULL,0,NULL,NULL,NULL,NULL,0,NULL,NULL,NULL,NULL,NULL,NULL,NULL,NULL,NULL,NULL,NULL,NULL,NULL,NULL,NULL,NULL,NULL,NULL,NULL,NULL,NULL,NULL,NULL,NULL,NULL,NULL,NULL,NULL,NULL,NULL,NULL,NULL,NULL,NULL,NULL,NULL,NULL,NULL,NULL,NULL,NULL,NULL,NULL,NULL,NULL,NULL,NULL,NULL,NULL,NA,1,1,0,0,0
141,TEST200423,Madurador,1,"Sin Informacion","2023-04-20 10:18:24","2023-04-20 10:42:07",1,1,236,21,-11.9803,-77.1226,"2023-04-20 11:41:25",0,0,0,0,0,0,0,0,0,0,0,0,50,0,0,0,0,0,0,0,0,0,20.7,0,0,0,0,0,0,0,0,0,0,0,0,0,0,0,0,0,NA,0,1011010,0,0,0,20.7,3,0,0,0,0,0,0,0,0,0,RESET,"NO INJECTING",0,THERMOKING,NULL,NA,1,1,0,0,0
142,LUCHITO1111,Madurador,1,"Sin Informacion","2023-04-20 12:12:47","2023-04-20 12:12:47",1,1,238,0,-11.9803,-77.1226,"2023-04-20 18:14:15",0,0,0,0,0,0,0,0,0,0,0,0,0,0,0,0,0,0,0,0,0,0,0,0,0,0,0,0,0,0,0,0,0,0,0,0,0,0,0,0,0,0,0,0,0,0,0,0,0,0,0,0,0,0,0,0,0,0,0,0,THERMOKING,NULL,NA,1,1,0,0,0
143,LOSU3303\xf096,Reefer,0,"Sin Informacion","2023-04-20 15:53:36","2023-04-20 16:19:03",1,1,239,-25,-12.0065,-77.0044,"2023-04-20 15:54:29",-31.4,NULL,-25.6,0,NULL,NULL,NULL,26.8,-3277,-3277,-3277,-3277,72,NULL,NULL,NULL,NULL,NULL,NULL,NULL,NULL,NULL,NULL,NULL,NULL,NULL,NULL,NULL,NULL,NULL,NULL,NULL,NULL,NULL,NULL,NULL,NULL,0,NULL,1,OPTIMIZED,NULL,NULL,NULL,NULL,NULL,NULL,NULL,18,6,NULL,NULL,NULL,NULL,NULL,NULL,NULL,NULL,NULL,NULL,NULL,0,NA,1,1,0,0,0
144,LOSU3303xf096,Reefer,0,"Sin Informacion","2023-04-20 15:54:45","2023-04-20 16:18:59",1,1,240,-25,-12.0065,-77.0044,"2023-04-20 15:54:45",-31.4,NULL,-25.6,0,NULL,NULL,NULL,26.8,-3277,-3277,-3277,-3277,72,NULL,NULL,NULL,NULL,NULL,NULL,NULL,NULL,NULL,NULL,NULL,NULL,NULL,NULL,NULL,NULL,NULL,NULL,NULL,NULL,NULL,NULL,NULL,NULL,0,NULL,1,OPTIMIZED,NULL,NULL,NULL,NULL,NULL,NULL,NULL,18,6,NULL,NULL,NULL,NULL,NULL,NULL,NULL,NULL,NULL,NULL,NULL,0,NA,1,1,0,0,0
145,PRUEBA_COMANDO,Reefer,1,"Sin Informacion","2023-04-21 10:24:37","2023-04-28 14:26:24",1,1,242,-12,-12.0488,-76.9541,"2023-05-08 14:31:54",-8.1,NULL,-2.9,-2.4,NULL,NULL,NULL,21,-3277,-3277,-3277,-3277,50,NULL,NULL,NULL,NULL,NULL,NULL,NULL,NULL,NULL,NULL,NULL,NULL,NULL,NULL,NULL,NULL,NULL,NULL,NULL,NULL,NULL,NULL,NULL,NULL,0,NULL,1,ECONOMIZER,NULL,NULL,NULL,NULL,NULL,NULL,NULL,18,6,NULL,NULL,NULL,NULL,NULL,NULL,NULL,NULL,NULL,NULL,NULL,0,NA,1,1,0,0,0
146,ZGRU980289-0,Madurador,1,"Sin Informacion","2023-04-21 17:22:35","2023-04-21 17:22:35",16,1,243,20,21.8543,-100.894,"2023-05-04 13:04:04",27,27,21.4,0,0,0,0,0,0,0,0,0,23,0,0,0,0,0,0,0,0,25.3,0,0,0,0,0,0,0,0,0,27,27,0,0,0,0,0,0,0,Optimized,1,90,0,0,0,0,0,18,1,0,0,0,0,0,0,0.7,Run,Injecting,12,Thermoking,NULL,NA,1,1,0,0,0
147,LOSU3303p96,Reefer,0,"Sin Informacion","2023-04-26 21:58:52","2023-04-27 09:04:27",1,1,NULL,-25,-12.0065,-77.0044,"2023-04-26 21:58:52",-32.8,NULL,-25.4,0,NULL,NULL,NULL,24.1,-3277,-3277,-3277,-3277,69,NULL,NULL,NULL,NULL,NULL,NULL,NULL,NULL,NULL,NULL,NULL,NULL,NULL,NULL,NULL,NULL,NULL,NULL,NULL,NULL,NULL,NULL,NULL,NULL,0,NULL,1,OPTIMIZED,NULL,NULL,NULL,NULL,NULL,NULL,NULL,18,6,NULL,NULL,NULL,NULL,NULL,NULL,NULL,NULL,NULL,NULL,NULL,0,NA,1,1,0,0,0
148,ZGRU7567785,Reefer,1,ETHYLENE,"2023-04-28 16:55:52","2023-06-26 11:18:21",1,1,245,24,-12.0488,-76.9541,"2023-06-26 11:25:48",24.4,-3277,24.7,24.6,-3277.2,-3277.2,-3276.9,NULL,-3277,-3277,-3277,-3277,NULL,32766,3276.6,3276.6,32766,32760,35,35,35,51,3276.6,0,0,0,20184.6,0.5,0,3276.6,3276.6,23.9,24.2,24.45,0,0.01,0,1,156,1,ECONOMIZER,156,156,156,32766,3276.6,3276.6,3276.6,4,6,6,6,255,255,255,255,0,3,0,96,THERMOKING,1,NA,2,2,0,0,0
149,ZGRU6735235,Madurador,1,"Sin Informacion","2023-04-28 18:32:33","2023-04-28 18:32:33",1,1,247,15,-11.9803,-77.1226,"2023-05-08 15:24:02",31.4,-3277,30.9,31,30.7,33,-3276.9,30.7,0,0,0,0,59,0,3276.6,3276.6,443,60,1.4,1.4,1.4,25.4,3276.6,0,100,4587.6,0.3,3276.6,3276.6,31.4,30.9,31.79,0.51,0.74,0,0,48,48,48,48,48,48,32766,3276.6,3276.6,3276.6,18,6,6,6,255,255,255,255,0.2,0.2,0.2,0.2,0,0,THERMOKING,NULL,NA,2,2,0,0,0
150,ZGRU6430956,Reefer,1,"Sin Informacion","2023-04-30 08:57:41","2023-04-30 08:57:41",16,1,249,-40,-11.9803,-77.1226,"2024-03-14 18:02:12",9.8,-3277,12.4,10,37.5,32.7,-3276.9,25.5,0,0,0,0,97,32766,3276.6,3276.6,464,59,11,11.4,10.8,25.4,3276.6,30,100,0,61336.1,0,0,3276.6,3276.6,9.8,12.4,25.73,0.11,7.29,6.86,0,100,1,1,0,254,0,32766,3276.6,3276.6,3276.6,18,6,0,0,255,255,255,255,0,3,0,0,THERMOKING,0,NA,2,2,0,0,0
151,PRUEBA_MADURADOR,Madurador,1,"Sin Informacion","2023-05-03 13:40:26","2023-05-03 13:40:26",1,1,250,18,-11.9803,-77.1226,"2023-05-03 13:40:30",0,0,0,0,0,0,0,0,0,0,0,0,50,0,0,0,0,0,0,0,0,0,20.7,0,0,0,0,0,0,0,0,0,0,0,0,0,0,0,0,0,NA,0,1011010,0,0,0,20.7,3,0,0,0,0,0,0,0,0,0,RESET,"NO INJECTING",0,THERMOKING,NULL,NA,1,1,0,0,0
152,ZGRU4701435,Madurador,1,CENCOSUD,"2023-05-04 10:25:03","2024-07-17 09:37:33",19,1,251,4,-11.9802,-77.1227,"2024-07-19 15:25:09",4,-3277,8.1,6.7,39.7,65.4,-3276.9,23.1,0,0,0,0,73,32766,3276.6,3276.6,449,60,4.7,4.9,5.1,25.4,3276.6,30,13,0,28374.6,12238.2,0,3276.6,3276.6,4,8.1,40.64,0,0.87,3.4,0,30,1,1,0,254,0,32766,3276.6,3276.6,3276.6,18,6,0,0,255,255,255,255,0,0,0,0,THERMOKING,NULL,NA,2,2,0,0,0
155,COMANDO_MADURADOR,Madurador,1,"Sin Informacion","2023-05-04 17:55:28","2023-05-04 17:55:28",1,1,253,19,-11.9803,-77.1226,"2023-05-08 10:14:05",17.5,-3277,17.9,18.2,40.3,59.4,-3276.9,25.3,0,0,0,0,74,0,3264.06,0,459,60,9,15.3,15.5,25.3,3276.6,60,30,4553.9,151.3,3264.06,0,0,17.9,0.24,0,9.8,5.2,5.19,30,30,30,30,30,30,32766,3276.6,3276.6,0,18,6,6,6,255,255,255,255,6.3,6.28,6.28,6.28,0,0,THERMOKING,NULL,NA,2,2,0,0,0
156,ZGRU980288-5,Madurador,1,"Sin Informacion","2023-05-08 08:37:34","2023-05-08 08:37:34",16,1,255,20,-11.5495,-77.275,"2023-05-13 12:55:09",22.9,22.9,23.4,0,0,0,0,0,0,0,0,0,57,0,0,0,0,0,0,0,0,25.4,0,0,0,0,0,0,0,0,0,22.9,22.9,0,0,0,0,0,0,0,Optimized,1,95,0,0,0,0,0,18,1,0,0,0,0,0,0,0,Reset,"Not Injecting",22,Thermoking,NULL,NA,2,2,0,0,0
157,ZGRU485953-5,Madurador,1,"Sin Informacion","2023-05-08 08:48:23","2023-05-08 08:48:23",16,1,256,20,-11.5495,-77.275,"2023-05-08 09:19:01",21.6,21.6,21.7,0,0,0,0,0,0,0,0,0,97,0,0,0,0,0,0,0,0,25.4,20.7,0,0,0,0,0,0,0,0,21.6,21.6,0,0,0,0,0,0,0,Optimized,1,95,0,0,0,0,1,18,1,0,0,0,0,0,0,0.4,Pause,"Not Injecting",20,Thermoking,NULL,NA,2,2,0,0,0
158,ZGRU5100830,Madurador,1,APEEL,"2023-05-08 15:24:42","2023-11-22 10:42:26",20,1,257,20,-7.0684,-79.5591,"2023-08-24 17:49:55",28.2,-3277,28.9,28.9,24.3,24.8,-3276.9,24.1,28.3,-38.5,-38.5,-38.5,97,0,3276.6,3276.6,456,60,1.2,1.8,1.5,25.4,3276.6,0,0,0,5568.6,721.7,0,3276.6,3276.6,28.2,28.9,34.79,0,0.01,0.43,0.43,0,0,0,0,0,0,32766,3276.6,3276.6,10,18,6,6,6,255,255,255,255,0,0,0,0,THERMOKING,NULL,NA,2,2,0,1,0
159,ZGRU2232647,Madurador,1,USA,"2023-05-16 16:18:17","2023-11-22 10:28:41",22,1,258,18,35.7396,-119.238,"2024-06-12 00:35:28",29.8,-3277,29.4,26.9,30.6,33.6,-3276.9,29.1,0,-38.5,-38.5,-38.5,32766,0,3276.6,3276.6,484,60,8,7.2,7.4,25.3,3276.5,0,0,0,25482.9,13.2,0,3276.6,3276.6,29.8,29.4,33.88,0.07,0.01,0.12,1,26,0,0,1,90,2,32766,3276.6,3276.6,0,18,6,0,0,255,255,255,255,0,0,0,0,THERMOKING,NULL,NA,2,2,8,1,0
160,ZGRU2009227,Madurador,1,USA,"2023-05-16 19:16:11","2023-11-22 10:36:18",22,1,259,18,35.7395,-119.238,"2024-06-12 00:33:13",32.1,-3277,32.3,30.9,30.6,31.9,-3276.9,29.1,0,0,0,0,32766,32767,3276.6,3276.6,479,32760,0,0,0,25.5,3276.7,0,0,0,18297.1,27.2,0,3276.6,3276.6,32.1,32.3,39.32,0,0.01,0.25,0,255,0,4,1,90,2,32766,3276.6,3276.6,0,18,0,0,0,255,255,255,255,3.3,0,0,0,THERMOKING,NULL,NA,2,2,6,1,0
161,ZGRU2008220,Madurador,1,USA,"2023-05-17 12:13:42","2023-11-22 10:27:59",22,1,260,0,35.7394,-119.238,"2024-06-09 18:09:39",35.2,-3277,31.8,31.9,33.9,35,-3276.9,34.1,0,0,0,0,76,0,3276.6,3276.6,474,60,0.7,0.7,0.7,0,20.7,30,0,0,19516.4,25.5,0,3276.6,3276.6,35.2,31.8,38.62,0,0.26,0.02,0,236,1,4,1,90,2,32766,3276.6,3276.6,0,18,6,0,0,255,255,255,255,0.6,0,0,0,THERMOKING,NULL,NA,2,2,5,1,0
162,ZGRU1090804,Madurador,0,"Sin Informacion","2023-05-21 16:19:15","2023-05-21 16:19:15",1,1,261,18,35.7396,-119.238,"2024-06-11 22:41:38",36.5,-3277,36.6,36.3,35.5,34.8,-3276.9,34.1,0,0,0,0,32766,32767,3276.6,3276.6,474,32760,0,0,0,25.5,3276.7,0,0,0,20801.8,4.1,0,3276.6,3276.6,36.5,36.6,42.7,0,0.01,0.04,0,255,0,4,1,90,0,32766,3276.6,3276.6,3276.6,18,0,0,0,255,255,255,255,1.5,0,0,0,THERMOKING,NULL,NA,2,2,-1,0,0
177,ZGRU9802890,Madurador,1,"BE FROST","2023-05-21 16:49:59","2023-11-22 10:41:50",23,1,263,-25,21.8534,-100.891,"2024-01-29 23:50:48",10.4,-3277,15.6,-7.3,19.8,-5859.7,-25.3,13.1,0,-38.5,-38.5,-38.5,24959,0,6502.4,6515.1,53887,15361,1766.4,1587.2,1561.6,25.4,6515.1,7807,19968,0,10160300,2034890,0,6502.4,6515.1,2675.1,3993.6,358.4,0.1,422.4,432.65,1,100,1,1,0,254,100,32766,3276.6,3276.6,3276.6,18,3,0,3,255,255,255,255,0,3,0,3,THERMOKING,NULL,NA,2,2,150,1,0
185,ZGRU9803243,Madurador,1,"BE FROST","2023-05-22 12:18:08","2023-11-22 10:41:33",23,1,277,-30,21.8533,-100.891,"2024-02-13 11:24:45",-35.3,-3277,-30.1,-36.9,24.1,78.2,-3276.9,16.7,0,0,0,0,75,0,3276.6,3276.6,460,60,7.7,8.1,7.4,25.4,3276.6,30,100,0,48057.1,10237,0,3276.6,3276.6,6518.3,6523.5,0.21,0,4.94,4.53,0,100,1,1,0,254,100,32766,3276.6,3276.6,3276.6,18,3,0,3,255,255,255,255,1,3,0,0,THERMOKING,NULL,NA,2,2,150,1,0
187,ZGRU6554258,Reefer,1,"Sin Informacion","2023-05-29 15:10:54","2023-05-29 15:10:54",1,1,291,-20,-12.0488,-76.9541,"2023-05-31 15:52:55",9.9,NULL,19.5,18.8,NULL,NULL,NULL,23.6,-3277,-3277,-3277,-3277,93,NULL,NULL,NULL,NULL,NULL,NULL,NULL,NULL,NULL,NULL,NULL,NULL,NULL,NULL,NULL,NULL,NULL,NULL,NULL,NULL,NULL,NULL,NULL,NULL,0,NULL,0,OPTIMIZED,NULL,NULL,NULL,NULL,NULL,NULL,NULL,18,6,NULL,NULL,NULL,NULL,NULL,NULL,NULL,NULL,NULL,NULL,NULL,0,NA,1,1,0,0,0
189,ZGRU5031934,Reefer,1,"Sin Informacion","2023-05-29 16:43:05","2023-05-29 16:43:05",1,1,293,-5,-12.1729,-77.012,"2023-05-31 16:05:08",12.7,NULL,19,18.8,NULL,NULL,NULL,21.3,-3277,-3277,-3277,-3277,0,NULL,NULL,NULL,NULL,NULL,NULL,NULL,NULL,NULL,NULL,NULL,NULL,NULL,NULL,NULL,NULL,NULL,NULL,NULL,NULL,NULL,NULL,NULL,NULL,0,NULL,0,OPTIMIZED,NULL,NULL,NULL,NULL,NULL,NULL,NULL,18,6,NULL,NULL,NULL,NULL,NULL,NULL,NULL,NULL,NULL,NULL,NULL,0,NA,1,1,0,0,0
190,PABLITO123,Reefer,0,"Sin Informacion","2023-05-29 16:51:28","2023-05-29 16:52:14",1,1,NULL,-25,-12.1729,-77.012,"2023-05-29 16:51:45",24.1,NULL,24.3,23.4,NULL,NULL,NULL,24.3,-3277,-3277,-3277,-3277,NULL,NULL,NULL,NULL,NULL,NULL,NULL,NULL,NULL,NULL,NULL,NULL,NULL,NULL,NULL,NULL,NULL,NULL,NULL,NULL,NULL,NULL,NULL,NULL,NULL,0,NULL,0,OPTIMIZED,NULL,NULL,NULL,NULL,NULL,NULL,NULL,18,6,NULL,NULL,NULL,NULL,NULL,NULL,NULL,NULL,NULL,NULL,NULL,0,NA,1,1,0,0,0
191,opcion_j,Reefer,0,"Sin Informacion","2023-05-29 17:01:02","2023-05-29 17:02:14",1,1,296,-20,-12.0488,-76.9541,"2023-06-06 16:25:59",21.2,NULL,27,21.2,NULL,NULL,NULL,25.6,-3277,-3277,-3277,-3277,97,NULL,NULL,NULL,NULL,NULL,NULL,NULL,NULL,NULL,NULL,NULL,NULL,NULL,NULL,NULL,NULL,NULL,NULL,NULL,NULL,NULL,NULL,NULL,NULL,0,NULL,0,"NO OPTIMIZED",NULL,NULL,NULL,NULL,NULL,NULL,NULL,18,6,NULL,NULL,NULL,NULL,NULL,NULL,NULL,NULL,NULL,NULL,NULL,0,NA,1,1,0,0,0
192,ZGRU4723326_2,Madurador,0,"Sin Informacion","2023-06-01 11:31:40","2023-12-12 18:37:05",1,1,297,-2,-11.9803,-77.1226,"2023-12-12 18:23:01",1.4,-3277,2,1.3,45.4,94.7,-3276.9,36.9,0,-38.5,-38.5,-38.5,97,32766,3276.6,3276.6,437,60,11.3,10.9,10.7,25.4,3276.6,30,100,0,18006.9,10.2,0,3276.6,3276.6,6551.6,6552.7,38.98,0,7.06,0.42,0,77,1,1,0,254,0,32766,3276.6,3276.6,3276.6,18,6,0,0,255,255,255,255,0,0,0,0,THERMOKING,0,NA,2,2,0,0,0
193,ZGRU6841638,Reefer,1,"Sin Informacion","2023-06-02 11:23:59","2023-07-13 11:06:24",30,1,298,-24,-12.1729,-77.012,"2024-01-25 12:20:05",-34.3,NULL,-24.4,-27,NULL,NULL,NULL,33.6,-3277,-3277,-3277,-3277,0,NULL,NULL,NULL,NULL,NULL,NULL,NULL,NULL,NULL,NULL,NULL,NULL,NULL,NULL,NULL,NULL,NULL,NULL,NULL,NULL,NULL,NULL,NULL,NULL,0,NULL,1,OPTIMIZED,NULL,NULL,NULL,NULL,NULL,NULL,NULL,18,6,NULL,NULL,NULL,NULL,NULL,NULL,NULL,NULL,NULL,NULL,NULL,0,NA,1,1,0,0,0
194,ZGRU5181549,Reefer,1,CAMPOSOL,"2023-06-02 11:33:54","2024-04-04 10:52:40",30,1,299,-0.3,-8.56036,-78.666,"2024-07-19 15:25:05",-0.3,NULL,1.7,2.3,NULL,NULL,NULL,27.2,-3277,-3277,-3277,-3277,94,NULL,NULL,NULL,NULL,NULL,NULL,NULL,NULL,NULL,NULL,NULL,NULL,NULL,NULL,NULL,NULL,NULL,NULL,NULL,NULL,NULL,NULL,NULL,NULL,0,NULL,1,OPTIMIZED,NULL,NULL,NULL,NULL,NULL,NULL,NULL,4,6,NULL,NULL,NULL,NULL,NULL,NULL,NULL,NULL,NULL,NULL,NULL,0,NA,1,1,0,0,0
195,ZGRU6709112,Madurador,1,"Sin Informacion","2023-06-06 08:44:10","2023-06-06 08:44:10",1,1,300,20,-11.9803,-77.1226,"2023-06-06 08:46:09",21.1,-3277,20.9,21.3,36.3,45.4,-3276.9,25.3,28.3,-38.5,-38.5,-38.5,74,175,3276.6,3276.6,456,60,0.6,0.6,0.6,25.4,3276.6,30,0,0,4923.7,0,0,3276.6,3276.6,21.1,20.9,0.15,0,0.23,0.72,1,0,0,0,0,254,1,175,0,3276.6,3276.6,18,6,0,0,255,255,255,255,0.2,3,0,0,THERMOKING,NULL,NA,2,2,0,0,0
196,opcion_j,Reefer,1,"Sin Informacion","2023-06-06 16:25:53","2023-06-06 16:25:53",1,1,296,-20,-12.0488,-76.9541,"2023-06-06 16:25:59",21.2,NULL,27,21.2,NULL,NULL,NULL,25.6,-3277,-3277,-3277,-3277,97,NULL,NULL,NULL,NULL,NULL,NULL,NULL,NULL,NULL,NULL,NULL,NULL,NULL,NULL,NULL,NULL,NULL,NULL,NULL,NULL,NULL,NULL,NULL,NULL,0,NULL,0,"NO OPTIMIZED",NULL,NULL,NULL,NULL,NULL,NULL,NULL,18,6,NULL,NULL,NULL,NULL,NULL,NULL,NULL,NULL,NULL,NULL,NULL,0,NA,1,1,0,0,0
197,ZGRU1234566,Reefer,1,"Sin Informacion","2023-06-22 10:16:13","2023-06-22 10:16:13",1,1,310,8,-12.0488,-76.9541,"2023-06-22 10:16:13",8,NULL,9.6,9.8,NULL,NULL,NULL,22.6,-3277,-3277,-3277,-3277,82,NULL,NULL,NULL,NULL,NULL,NULL,NULL,NULL,NULL,NULL,NULL,NULL,NULL,NULL,NULL,NULL,NULL,NULL,NULL,NULL,NULL,NULL,NULL,NULL,0,NULL,1,OPTIMIZED,NULL,NULL,NULL,NULL,NULL,NULL,NULL,18,6,NULL,NULL,NULL,NULL,NULL,NULL,NULL,NULL,NULL,NULL,NULL,0,NA,1,1,0,0,0
198,TEST5100830,Madurador,1,"Sin Informacion","2023-06-22 10:17:44","2023-06-22 10:17:44",1,1,311,18.3,-11.9803,-77.1226,"2023-08-19 08:35:14",18.3,-3277,18.3,18.7,36.8,84,-3276.9,21.1,0,-38.5,-38.5,-38.5,90,0,3276.6,3276.6,491,60,6.8,6.2,6.4,25.4,3276.6,60,0,0,8540,4171.2,0,3276.6,3276.6,18.3,18.3,37.17,0,2.31,2.87,0,7,1,7,1,90,1,0,0,3276.6,3276.6,18,6,0,0,255,255,255,255,123.5,3,0,42,THERMOKING,NULL,NA,2,2,0,0,0
199,ZGRU4507690,Madurador,1,"CENCOSUD SANTA ANITA","2023-06-23 16:45:26","2024-04-04 10:12:44",17,1,313,4,-11.9803,-77.1226,"2024-07-19 15:24:57",4.2,-3277,7.5,7.6,37.1,79.3,-3276.9,24.1,28.3,-38.5,-38.5,-38.5,70,32766,3276.6,3276.6,455,60,4.7,4.6,4.6,25.4,3276.6,30,1,0,38050.8,22084.5,0,3276.6,3276.6,4.1,7.5,0.28,0,0.99,3.26,0,30,1,1,0,254,0,32766,3276.6,3276.6,3276.6,18,2,0,0,255,255,255,255,0,0,0,0,THERMOKING,0,NA,2,2,0,0,0
200,LOSU1308670,Reefer,1,"Sin Informacion","2023-06-23 17:31:18","2023-06-24 08:17:24",17,1,314,4,-11.9803,-77.1226,"2024-02-20 15:09:15",7.2,-3277,5.1,2.9,41.1,69.6,-3276.9,32.8,0,0,0,0,87,32766,3276.6,3276.6,444,60,12.6,12.3,12.2,25.4,3276.6,60,100,0,16136.4,0.1,0,3276.6,3276.6,7.2,5.1,39.84,0,8.01,2.22,1,63,1,1,0,254,0,32766,3276.6,3276.6,3276.6,18,6,0,0,255,255,255,255,0,0,0,0,THERMOKING,1,NA,2,2,0,0,0
201,ZGRU6828507,Madurador,1,"CENCOSUD SANTA ANITA","2023-06-23 17:42:42","2024-04-04 09:40:13",17,1,315,10,-11.9803,-77.1226,"2024-07-19 15:24:38",10.1,-3277,13.4,13.6,39.2,81.7,-3276.9,23,0,0,0,0,78,32766,3276.6,3276.6,455,60,8.5,8.5,8.2,25.4,3276.6,30,3,0,43863.3,35708.9,0,3276.6,3276.6,10,13.4,0.23,0,5.58,3.57,0,27,0,0,7,0,254,65024,6515.1,6515.1,6515.1,21.75,7,6,0,0,255,255,255,0,0,0,0,THERMOKING,0,NA,2,2,0,0,0
202,ZGRU4721067,Madurador,1,"CENCOSUD SANTA ANITA","2023-06-23 17:53:29","2024-04-04 10:14:57",17,1,316,10,-11.9803,-77.1226,"2024-07-19 09:41:37",13.1,-3277,12.8,13.1,16.7,15.6,-3276.9,16.5,0,0,0,0,79,32766,3276.6,3276.6,452,60,0.6,0.6,0.6,25.4,3276.6,30,0,0,41222.2,28578,0,3276.6,3276.6,13.1,12.8,0.24,0,0.42,2.86,0,100,1,1,0,254,0,32766,3276.6,3276.6,3276.6,18,6,0,0,255,255,255,255,0,0,0,0,THERMOKING,0,NA,2,2,0,0,0
203,ZGRU3120227,Reefer,1,"Sin Informacion","2023-06-26 09:04:02","2023-06-26 09:04:02",1,1,19,14,-12.0603,-76.9638,"2023-11-08 11:53:19",15,NULL,16.5,14.8,NULL,NULL,NULL,19.5,-3277,-3277,-3277,-3277,97,NULL,NULL,NULL,NULL,NULL,NULL,NULL,NULL,NULL,NULL,NULL,NULL,NULL,NULL,NULL,NULL,NULL,NULL,NULL,NULL,NULL,NULL,NULL,NULL,0,NULL,0,OPTIMIZED,NULL,NULL,NULL,NULL,NULL,NULL,NULL,18,6,NULL,NULL,NULL,NULL,NULL,NULL,NULL,NULL,NULL,NULL,NULL,0,NA,1,1,0,0,0
204,ZGRU510083+,Madurador,1,"Sin Informacion","2023-06-28 17:04:01","2023-06-28 17:04:01",1,1,320,20,-11.9803,-77.1226,"2023-08-11 03:33:47",19.6,-3277,20.1,20.7,39.1,56.1,-3276.9,22.3,0,-38.5,-38.5,-38.5,97,0,3276.6,3276.6,453,60,5.4,5.2,5.2,1,19.7,60,3,0,5337.5,490.6,0,3276.6,3276.6,19.7,20.1,33.99,0,1.73,0.36,0.36,9,9,9,9,9,9,32766,3276.6,3276.6,10,18,6,6,6,255,255,255,255,193.65,193,193,193,THERMOKING,NULL,NA,2,2,0,0,0
205,ZGRU1001237,Reefer,1,"Sin Informacion","2023-07-04 10:51:40","2023-07-05 11:36:25",28,1,321,10,-12.0003,-77.0616,"2024-06-20 13:33:13",-5.6,NULL,-4.9,-5.7,NULL,NULL,NULL,18.3,-3277,-3277,-3277,-3277,55,NULL,NULL,NULL,NULL,NULL,NULL,NULL,NULL,NULL,NULL,NULL,NULL,NULL,NULL,NULL,NULL,NULL,NULL,NULL,NULL,NULL,NULL,NULL,NULL,0,NULL,1,OPTIMIZED,NULL,NULL,NULL,NULL,NULL,NULL,NULL,16,6,NULL,NULL,NULL,NULL,NULL,NULL,NULL,NULL,NULL,NULL,NULL,0,NA,1,1,0,0,0
206,ZGRU1010199,Madurador,1,"Sin Informacion","2023-07-07 13:39:08","2023-07-07 13:39:08",1,1,322,20,-11.9803,-77.1226,"2023-07-07 15:26:32",19,-3277,20.5,20.3,39.6,64.1,-3276.9,22.7,0,0,0,0,89,26,3276.6,3276.6,454,60,9.5,7.9,7.2,0.8,20,60,4,0,5.1,0,0,3276.6,3276.6,19,20.5,34.2,0,3.09,3.89,0,15,1,15,1,90,2,32766,3276.6,3276.6,1.5,18,6,0,0,255,255,255,255,0.7,3,0,0,THERMOKING,NULL,NA,2,2,0,0,0
207,ZGRU6210620,Madurador,1,"PACIFIC IQF","2023-07-07 15:27:11","2024-04-04 10:40:23",29,1,323,22,-11.9803,-77.1226,"2024-07-19 15:24:39",20.2,-3277,21.7,22,28.8,32.3,-3276.9,26,0,-38.5,-38.5,-38.5,32766,0,3276.6,3276.6,439,60,0.5,0.6,0.4,25.4,3276.6,0,0,0,8140.2,1.5,0,3276.6,3276.6,20.2,21.7,37.71,0,0.01,0.03,0,0,0,0,0,254,0,32766,3276.6,3276.6,3276.6,18,6,0,0,255,255,255,255,0,3,0,0,THERMOKING,NULL,NA,2,2,100,1,0
208,ZGRU5176751,Madurador,1,"Sin Informacion","2023-08-14 11:10:23","2023-08-14 11:10:23",1,1,326,18,-11.9803,-77.1226,"2023-08-14 11:59:12",18,-3277,18.8,18.5,38.6,62.9,-3277,26.3,0,0,0,0,90,32766,3276.6,3276.6,463,60,4.8,4.9,4.5,25.4,3276.6,30,0,0,1.4,0.8,0,3276.6,3276.6,18,18.8,141.42,10.51,655.35,2.55,0,8,1,8,0,254,0,32766,3276.6,3276.6,3276.6,18,6,0,0,19,239,27,4,0,0,0,0,THERMOKING,NULL,NA,2,2,0,0,0
209,ZGRU2012000,Madurador,1,"Sin Informacion","2023-08-14 11:59:51","2023-08-16 08:38:05",1,1,327,19,-11.9803,-77.1226,"2023-10-31 19:12:15",18.3,-3277,19.1,17.1,42.6,65.9,-3276.9,21.2,0,-38.5,-38.5,-38.5,87,0,6502.4,6515.1,462,60,6.1,6.4,5.9,25.4,3276.6,30,6939,0,307891,160486,0,6502.4,6515.1,4774.3,4889.6,258.56,0.1,289.28,302.08,0,0,1,1,1,50,0,32766,3276.6,3276.6,3276.6,18,6,0,0,255,255,255,255,136.4,5,0,14,THERMOKING,NULL,NA,2,2,140,0,0
210,ZGRU12345,Madurador,1,"Sin Informacion","2023-08-16 16:15:39","2023-08-16 16:15:39",1,1,328,20,-11.9803,-77.1226,"2023-08-16 16:15:39",24.2,-3277,24.2,24.2,26.2,24.7,-3276.9,26,0,0,0,0,0,32767,3276.6,3276.6,453,32760,0,0.1,0,25.5,3276.6,0,0,0,4898.5,25,0,3276.6,3276.6,24.2,24.2,0.25,0,0.01,0.17,0,255,0,255,1,99,1,0,0,3276.6,3276.6,18,6,0,0,255,255,255,255,0.4,6,0,8,THERMOKING,NULL,NA,2,2,0,0,0
211,ZGRU9%9BURR,Madurador,1,"Sin Informacion","2023-08-16 18:17:42","2023-08-16 18:17:42",1,1,329,22.22,-11.9803,-77.1226,"2023-08-16 18:18:23",22.2,-3277,23,22.8,47.1,95,-3276.9,38.7,-38.5,217.5,154.3,0,94,0,3276.6,3276.6,500,60,5.6,6.4,5.2,25.4,3276.6,30,0,0,14728.2,4120.4,0,3276.6,3276.6,22.2,23,46.51,0,4.02,3.11,0,6,1,6,1,90,1,0,0,3276.6,3276.6,18,6,0,0,255,255,255,255,2,3,0,67,THERMOKING,NULL,NA,2,2,0,0,0
212,ZGRU223%CII,Madurador,1,"Sin Informacion","2023-08-22 13:39:18","2023-08-22 13:39:18",1,1,330,22.22,-11.9803,-77.1226,"2023-08-22 13:40:38",22.1,-3277,22.7,19.7,38.1,70.4,-3276.9,28.8,-38.5,-38.5,-38.5,-38.5,83,0,3276.6,3276.6,481,60,7.1,7.7,7.4,25.4,3276.6,30,31,0,15188.2,4580.4,0,3276.6,3276.6,22.2,22.7,40.7,0,12.19,3.13,0,14,1,14,1,90,1,0,0,3276.6,3276.6,18,6,0,0,255,255,255,255,0.4,3,0,67,THERMOKING,NULL,NA,2,2,8,0,0
213,ZGRU6384491,Madurador,1,"ZGROUP USA","2023-08-24 16:04:36","2024-04-04 09:41:09",1,1,331,3,-11.9803,-77.1226,"2024-07-19 12:53:57",20,-3277,19.7,20.4,28.6,27.9,-3277,29.1,0,-38.5,-38.5,-38.5,75,32766,3276.6,3276.6,464,32760,0.1,0,0,25.4,3276.6,0,0,0,17041.3,25.1,0,3276.6,3276.6,20,19.7,36.74,0.01,0.01,0.48,0,255,0,255,0,254,0,32766,3276.6,3276.6,3276.6,18,6,0,0,255,255,255,255,0,0,0,0,THERMOKING,NULL,NA,2,2,0,1,0
214,ZGRU1291040,Madurador,1,CAYALTI,"2023-08-24 16:05:15","2023-11-22 10:42:59",1,1,332,3.5,-11.9803,-77.1226,"2024-07-19 12:52:35",20.4,-3277,19.9,20.8,30.1,28.7,-3277,29.9,0,-38.5,17.2,0,74,32766,3276.6,3276.6,467,32760,0,0,0,25.4,3276.6,0,0,0,3101.3,96.8,0,3276.6,3276.6,20.4,19.9,35.62,0,0.01,1.86,0,255,0,255,0,254,0,32766,3276.6,3276.6,3276.6,18,6,0,0,255,255,255,255,0,0,0,0,THERMOKING,NULL,NA,2,2,0,2,0
215,ZGRU1263532,Madurador,1,ASEPTIC,"2023-09-19 22:25:08","2023-11-22 10:42:12",31,1,333,-20,-11.9803,-77.1226,"2024-07-19 15:24:55",-26,-3277,-19.1,-22.1,22.2,50.3,-3276.9,18.7,0,-38.5,-38.5,-38.5,97,0,3276.6,3276.6,451,60,0.1,0,0,25.4,3276.6,0,0,0,119287,6395.3,0,3276.6,3276.6,6527.6,6534.5,0.14,0,0.03,2.16,0,48,1,1,0,254,0,32766,3276.6,3276.6,3276.6,18,6,0,0,255,255,255,255,0,3,0,0,THERMOKING,NULL,NA,2,2,150,1,0
216,ZGRU2004185,Madurador,1,TUNEL,"2023-09-19 22:26:58","2023-11-22 10:43:16",1,1,334,-40,-11.9803,-77.1226,"2024-07-19 15:24:23",17.4,-3277,17,17.7,20.4,19.1,-3276.9,20.1,0,0,0,0,32766,32766,3276.6,3276.6,452,32760,0.1,0,0.1,25.4,3276.6,0,0,0,3951.7,323.9,0,3276.6,3276.6,17.4,17,26.92,0,0.01,0.16,0,255,0,0,0,254,0,32766,3276.6,3276.6,3276.6,18,6,0,0,255,255,255,255,0,0,0,0,THERMOKING,NULL,NA,2,2,0,2,0
217,LOSU1192500,Madurador,1,"Sin Informacion","2023-09-22 18:03:46","2023-09-22 18:03:46",1,1,371,20,-11.9803,-77.1226,"2023-09-22 18:27:03",20,-3277,19.8,20.3,39.5,57.5,-3276.9,20.5,0,0,0,0,86,32766,3276.6,3276.6,444,60,5.5,5.1,5.2,25.4,3276.6,60,0,0,4.9,1.7,0,3276.6,3276.6,20,19.8,22.7,0.52,1.7,0,0,5,1,1,1,99,0,32766,3276.6,3276.6,3276.6,18,6,0,0,255,255,255,255,2.3,0,0,0,THERMOKING,NULL,NA,2,2,0,0,0
218,LUIS1192500,Madurador,1,"Sin Informacion","2023-09-22 18:27:43","2023-09-22 18:27:43",1,1,372,20,-11.9803,-77.1226,"2023-09-22 18:29:02",19.6,-3277,19.9,20.1,34.7,59.4,-3276.9,20,0,0,0,0,86,32766,3276.6,3276.6,450,60,0.7,0.6,0.6,25.4,3276.6,30,0,0,4.9,0,0,3276.6,3276.6,19.6,19.9,22.8,0.52,0.23,0,0,0,1,1,1,99,0,32766,3276.6,3276.6,3276.6,18,6,0,0,255,255,255,255,2.5,0,0,0,THERMOKING,NULL,NA,2,2,0,0,0
219,ZGRU0320965,Madurador,1,ASEPTIC,"2023-09-22 18:29:42","2023-11-22 10:42:05",31,1,373,-25.1,-11.9803,-77.1226,"2024-07-19 15:25:30",-27.7,-3277,-25.2,-25.1,25.5,62.6,-3276.9,18.5,0,-38.5,-38.5,-38.5,56,0,3276.6,3276.6,447,60,8.9,8.8,8.3,25.4,3276.6,30,100,0,20481.1,9573.1,0,3276.6,3276.6,6525.9,6528.4,28.53,0,5.36,2.54,0,100,1,1,0,254,0,32766,3276.6,3276.6,3276.6,18,6,0,0,255,255,255,255,0,3,0,0,THERMOKING,NULL,NA,2,2,150,1,0
220,TEST_DEFROST,Madurador,1,"Sin Informacion","2023-10-02 10:14:11","2023-10-02 10:14:11",1,1,374,22.2,-11.9803,-77.1226,"2023-10-02 10:54:07",22,-3277,22,22.1,15.7,15.6,-3276.9,16.4,20.6,-38.5,-38.5,-38.5,78,0,3276.6,3276.6,495,60,0.7,0.7,0.7,0.1,20.8,30,0,0,10573.6,6140.6,0,3276.6,3276.6,22,22,28.29,0,69.39,624.64,0,0,1,4,1,90,2,32766,3276.6,3276.6,3,18,6,0,0,255,255,255,255,3,5,0,31,THERMOKING,NULL,NA,2,2,3,0,0
221,ZGRU1291110,Madurador,1,CAYALTI,"2023-10-03 15:43:46","2023-11-22 10:42:43",1,1,375,5,-11.9803,-77.1226,"2024-07-19 12:53:30",21.2,-3277,21,21.4,23.9,22.3,-3277,25,0,0,0,0,69,32766,3276.6,3276.6,467,32760,0,0,0,25.4,3276.6,0,0,0,8854.1,6.1,0,3276.6,3276.6,21.2,21,30.27,0,0.01,0.01,0,255,0,255,0,254,0,32766,3276.6,3276.6,3276.6,18,6,0,0,255,255,255,255,0,0,0,0,THERMOKING,NULL,NA,2,2,0,2,0
222,LOSU1210810,Madurador,1,"Sin Informacion","2023-10-03 17:26:03","2023-10-03 17:26:03",1,1,376,-25,-11.9803,-77.1226,"2023-10-25 14:10:35",-7.5,-3277,6.6,-1.1,38.3,64.9,-3276.9,24.6,0,0,0,0,33,32766,3276.6,3276.6,455,60,11.2,11,10.8,25.4,3276.6,30,100,0,148.3,145.1,0,3276.6,3276.6,6546.1,6.6,24.86,0.52,6.91,0.04,0,100,1,1,0,254,0,32766,3276.6,3276.6,3276.6,18,6,0,0,255,255,255,255,0,0,0,0,THERMOKING,NULL,NA,2,2,0,0,0
223,ZGRU5662258,Madurador,1,"Sin Informacion","2023-10-05 06:26:13","2023-10-05 06:26:13",1,1,377,8,-11.9803,-77.1226,"2023-11-15 16:08:45",22.5,-3277,21.3,22.7,28.7,30.1,-3277,28.4,18.7,9.3,-38.5,-38.5,82,32766,3276.6,3276.6,460,60,3.9,3,2.9,25.4,3276.6,0,0,0,15161.7,665.7,0,3276.6,3276.6,22.5,21.3,0.37,0,0.01,0.65,0,27,0,27,0,0,254,65024,6515.1,6515.1,6515.1,21.75,7,3,0,0,255,255,255,0,0,0,0,THERMOKING,NULL,NA,2,2,0,1,0
224,ZGRU6770633,Madurador,1,Exotica,"2023-10-06 16:43:32","2023-12-11 14:41:21",37,1,378,18,-11.9803,-77.1226,"2024-05-08 14:00:44",23.9,-3277,23.9,24.5,27,25.3,-3276.9,27,0,0,0,0,32766,0,3276.6,3276.6,446,60,4.3,4.2,3.3,25.4,3276.6,0,0,0,2606.2,244.8,0,3276.6,3276.6,23.9,23.9,33.46,0,0.01,1.64,0,17,0,0,1,90,2,32766,3276.6,3276.6,1,18,6,0,0,255,255,255,255,8.1,3,0,0,THERMOKING,NULL,NA,2,2,80,1,0
225,x00x00x00x00x00x00x00x00x00x00x00,Madurador,1,"Sin Informacion","2023-10-13 17:20:14","2023-10-13 17:20:14",1,1,379,3,-11.9803,-77.1226,"2024-07-19 10:25:22",0,0,0,0,0,0,0,0,0,0,0,0,0,0,0,0,0,0,0,0,0,0,0,0,0,0,0,0,0,0,0,0,0,0,0,0,0,0,255,0,255,0,254,0,32766,3276.6,3276.6,3276.6,18,6,0,0,255,255,255,255,0,0,0,0,THERMOKING,0,NA,2,2,0,0,0
226,error,Madurador,1,"Sin Informacion","2023-10-14 08:52:04","2023-10-14 08:52:04",1,1,380,-30,-11.9803,-77.1226,"2024-07-19 09:20:52",-13.5,-3277,-3.1,-3.4,34.8,65.4,-3276.9,23.2,20.2,-38.5,-38.5,-38.5,91,0,3276.6,3276.6,442,60,11,10.8,10.2,25.4,3276.6,30,100,0,98676.7,8563,0,3276.6,3276.6,6540.1,6550.5,0.16,0,6.54,3.92,0,100,1,1,0,254,0,32766,3276.6,3276.6,3276.6,18,6,0,0,255,255,255,255,320,3,0,10,THERMOKING,NULL,NA,2,2,100,0,0
227,ZGRU1114620,Madurador,1,"Sin Informacion","2023-10-21 11:31:24","2023-10-21 11:31:24",1,1,381,20,-11.9803,-77.1226,"2023-10-30 14:59:47",19.9,-3277,22.4,22.7,44,68.5,-3276.9,34.7,0,0,0,0,71,0,3276.6,3276.6,468,60,6,6.1,5.4,0,20.8,60,37,0,4.9,2.1,0,3276.6,3276.6,20,22.4,38.27,0.52,1.97,4.62,0,30,1,1,1,88,2,32766,3276.6,3276.6,3,18,6,0,0,255,255,255,255,11.6,5,0,42,THERMOKING,NULL,NA,2,2,100,0,0
228,ZGRU8747550,Madurador,1,"NESTLE-Metro Comas","2023-10-25 14:11:15","2023-10-30 13:41:41",1,1,382,-26,-11.9803,-77.1226,"2024-07-19 15:24:47",-28.1,-3277,-25.5,-27.8,27.3,57,-3276.9,23.1,0,-38.5,-38.5,-38.5,65,32766,6502.5,6515.1,447,60,9.4,9.1,8.4,25.4,3276.6,30,100,0,13947.1,3533080,0,6502.5,6515.1,5926.3,51,151.03,0.14,104.96,547.86,0,100,1,1,0,254,0,32766,3276.6,3276.6,3276.6,18,6,0,0,255,255,255,255,0,0,0,0,THERMOKING,NULL,NA,2,2,0,0,0
229,ZGRU5114694,Madurador,1,SERVINCA,"2023-10-26 17:56:11","2024-02-27 17:54:42",44,1,383,21,-9.47251,-78.2818,"2024-05-14 08:00:40",21.8,-3277,21.8,21.9,27.7,40.4,-3276.9,21.8,0,-38.5,-38.5,-38.5,91,0,3276.6,3276.6,465,60,0.7,0.7,0.6,25.3,3276.5,30,0,0,7676.8,45.9,0,3276.6,3276.6,21.8,21.8,31.81,0,0.24,0.77,1,0,1,1,0,254,2,32766,3276.6,3276.6,0,18,6,0,0,255,255,255,255,191.7,5,0,2,THERMOKING,NULL,NA,2,2,200,1,0
230,ZGRU2011230,Madurador,1,"ALAMEDA SUR","2023-10-27 09:16:43","2024-07-09 16:02:39",57,1,384,0,-12.1964,-77.0115,"2024-07-19 15:25:32",0,-3277,1.1,1.3,29.8,68.6,-3276.9,20.3,20.4,-38.5,-38.5,-38.5,86,32766,3276.6,3276.6,434,60,8.3,7.4,8.3,25.4,3276.6,30,3,0,9709.9,573.2,0,3276.6,3276.6,0,1.1,29.41,0,2.32,1.58,0,14,1,1,0,254,0,32766,3276.6,3276.6,3276.6,18,6,0,0,255,255,255,255,0,0,0,0,THERMOKING,NULL,NA,2,2,0,0,0
231,LOSU1114250,Madurador,1,"Sin Informacion","2023-10-27 15:53:01","2023-10-27 15:53:01",1,1,385,-20,-11.9803,-77.1226,"2023-10-27 15:53:40",21.9,-3277,24.8,24.5,31.2,43.3,-3276.9,22.8,0,0,0,0,53,32766,3276.6,3276.6,463,59,10,9.9,9.9,25.4,3276.6,30,100,0,3.4,0.1,0,3276.6,3276.6,21.9,24.8,24.18,0.52,6.56,3,0,94,1,1,0,254,0,32766,3276.6,3276.6,3276.6,18,6,0,0,255,255,255,255,0,0,0,0,THERMOKING,NULL,NA,2,2,0,0,0
232,ZGRU2008200,Madurador,1,"NESTLE METRO CHORRILLOS","2023-10-27 15:55:35","2023-11-27 16:27:55",1,1,386,-25,-12.1729,-77.012,"2024-07-19 15:25:13",-30.6,-3277,-25.4,-27.9,24.4,55.8,-3276.9,21.5,20.5,-38.5,-38.5,-38.5,48,32766,3276.6,3276.6,456,60,0,0,0,25.4,3276.6,0,0,0,12232.8,12229.2,0,3276.6,3276.6,6523,6528.2,28.48,0,0,1.92,0,48,1,1,0,254,0,32766,3276.6,3276.6,3276.6,18,6,0,0,255,255,255,255,0,0,0,0,THERMOKING,NULL,NA,2,2,0,0,0
233,LOSU1114240,Madurador,1,"Sin Informacion","2023-10-27 16:08:38","2023-10-27 16:08:38",1,1,387,-20,-11.9803,-77.1226,"2023-10-27 16:10:17",21.3,-3277,24.9,23.3,29.6,38.4,-3276.9,22.4,0,0,0,0,55,32766,3276.6,3276.6,441,53,7.9,7.5,7.7,25.4,3276.6,30,100,0,4.9,0,0,3276.6,3276.6,21.3,24.9,24.92,0.52,1.4,0,0,56,1,1,0,254,0,32766,3276.6,3276.6,3276.6,18,6,0,0,255,255,255,255,0,0,0,0,THERMOKING,NULL,NA,2,2,0,0,0
234,LOSU1114230,Madurador,1,"Sin Informacion","2023-10-27 16:48:17","2023-10-27 16:48:17",1,1,388,-20,-11.9803,-77.1226,"2023-10-27 16:48:17",0,0,0,0,0,0,0,0,0,0,0,0,0,0,0,0,0,0,0,0,0,0,0,0,0,0,0,0,0,0,0,0,0,0,0,0,0,0,255,0,0,0,254,0,32766,3276.6,3276.6,3276.6,18,6,0,0,255,255,255,255,0,0,0,0,THERMOKING,NULL,NA,2,2,0,0,0
235,ZGRU6740381,Madurador,1,"NESTLE CHACLACAYO","2023-10-27 16:51:26","2024-02-03 12:14:36",1,1,389,-25,-11.9803,-77.1226,"2024-07-19 15:24:45",-16.4,-3277,0,5.9,30.3,42.9,-3276.9,25.3,-38.5,-38.5,-38.5,-38.5,32766,32766,3276.6,3276.6,428,60,4.9,4.8,4.9,25.4,3276.6,0,0,0,18640.9,11067.8,0,3276.6,3276.6,6536.2,6543.7,69.39,0,266.24,51.21,0,100,1,1,0,254,0,32766,3276.6,3276.6,3276.6,18,6,0,0,255,255,255,255,0,3,0,0,THERMOKING,NULL,NA,2,2,0,0,0
236,LOSU1114440,Madurador,1,"Sin Informacion","2023-10-27 17:12:00","2023-10-27 17:12:00",1,1,390,26.5,-11.9803,-77.1226,"2023-10-27 17:13:49",22.7,-3277,25.9,25.4,28.1,39.3,-3276.9,21.8,0,0,0,0,53,32766,3276.6,3276.6,466,60,0.8,0.7,0.7,25.4,3276.6,20,0,0,3.9,0,0,3276.6,3276.6,22.7,25.9,25.49,0.52,69.39,243.2,0,156,1,1,0,254,0,32766,3276.6,3276.6,3276.6,18,6,0,0,255,255,255,255,0,0,0,0,THERMOKING,NULL,NA,2,2,0,0,0
237,ZGRU2008215,Madurador,1,"NESTLE-Metro Hacienda","2023-10-27 17:14:29","2023-10-30 13:43:17",1,1,391,-25,-11.9803,-77.1226,"2024-07-19 15:25:22",-24.4,-3277,-24.7,-24.2,21.8,40.5,-3276.9,19.5,14.4,-38.5,-38.5,-38.5,69,32766,3276.6,3276.6,473,60,0.7,0.7,0.7,25.4,3276.6,30,0,0,16585.1,16581.2,0,3276.6,3276.6,6529.2,6528.9,27.95,0,69.39,10.24,0,100,1,1,0,254,0,32766,3276.6,3276.6,3276.6,18,6,0,0,255,255,255,255,0,0,0,0,THERMOKING,NULL,NA,2,2,0,0,0
238,ZGRU2010233,Madurador,1,"NESTLE - Metro Colonial","2023-10-28 17:27:46","2023-10-30 13:42:25",1,1,392,-25,-11.9803,-77.1226,"2024-07-19 15:24:35",-31.8,-3277,-26,-27,24.9,62.2,-3276.9,17.5,0,-38.5,-38.5,-38.5,59,32766,3276.6,3276.6,474,60,0,0,0.1,25.4,3276.6,0,0,0,11512.5,11505.3,0,3276.6,3276.6,6521.8,6527.6,26.25,0,0.03,1.78,0,48,1,1,0,254,0,32766,3276.6,3276.6,3276.6,18,6,0,0,255,255,255,255,0,0,0,0,THERMOKING,NULL,NA,2,2,0,0,0
239,LOSU1114270,Madurador,1,"Sin Informacion","2023-10-30 09:05:13","2023-10-30 09:05:13",1,1,393,-25,-11.9803,-77.1226,"2023-10-30 09:07:41",19.6,-3277,20.6,20.8,25.1,27.5,-3276.9,22.7,0,0,0,0,73,32766,3276.6,3276.6,465,59,11.4,11.1,10.9,25.4,3276.6,30,100,0,4.8,0,0,3276.6,3276.6,19.6,20.6,20.73,0.52,7.32,2,0,63,1,1,0,254,0,32766,3276.6,3276.6,3276.6,18,6,0,0,255,255,255,255,0,0,0,0,THERMOKING,NULL,NA,2,2,0,0,0
240,ZGRU8753384,Madurador,1,"NESTLE - Metro Faucett","2023-10-30 09:08:21","2023-11-25 08:12:10",1,1,394,-25,-11.9803,-77.1226,"2024-07-19 15:25:29",-27.7,-3277,-24.7,-24.9,25.3,51.8,-3276.9,24.1,0,-38.5,-38.5,-38.5,53,32766,3276.6,3276.6,461,60,0,0,0,25.4,3276.6,0,0,0,16934.7,16929.9,0,3276.6,3276.6,6525.9,6528.9,32.78,0,0.01,2.68,0,48,1,1,0,254,0,32766,3276.6,3276.6,3276.6,18,6,0,0,255,255,255,255,0,0,0,0,THERMOKING,NULL,NA,2,2,0,0,0
241,ZGRU8707687,Madurador,1,INKAPACKING,"2023-10-30 15:01:00","2023-11-22 10:42:33",32,1,395,18,-4.8972,-80.3513,"2024-07-19 15:23:09",24,-3277,24.6,25,29.8,27.8,-3276.9,30.4,0,-38.5,-38.5,-38.5,32766,32767,3276.6,3276.6,464,32760,0,0,0,25.5,3276.7,0,0,0,2328.3,245.1,0,3276.6,3276.6,24,24.6,45.51,0,0.01,0.08,0,255,0,0,1,90,2,32766,3276.6,3276.6,2,18,6,0,0,255,255,255,255,0,3,0,0,THERMOKING,NULL,NA,2,2,160,1,0
242,ZGRU5346143,Madurador,1,"Sin Informacion","2023-11-02 14:22:24","2023-11-02 17:17:37",33,1,120,20,-4.9556,-80.6232,"2023-11-02 17:13:01",18.9,0,23.7,21.8,0,0,0,28.1,0,0,0,0,71,0,0,0,0,0,0,0,0,0,0,0,0,0,0,0,0,0,0,0,0,0,0,0,0,0,12,1,1,1,88,2,32766,3276.6,3276.6,3,18,6,0,0,255,255,255,255,17.9,0,0,0,THERMOKING,NULL,NA,2,2,0,0,0
243,PRUEBA12345,Madurador,1,SERVINCA,"2023-11-02 15:28:48","2023-11-24 18:14:47",1,1,397,20,-11.9803,-77.1226,"2024-07-19 05:37:50",20.5,-3277,21.1,21.1,17.1,15.7,-3276.9,17,0,-38.5,-38.5,-38.5,32766,32767,3276.6,3276.6,463,32760,0,0,0.1,25.5,3276.7,0,0,0,15286.9,989.5,0,3276.6,3276.6,20.5,21.1,0.28,0,0.01,0.33,0,255,0,0,1,90,2,32766,3276.6,3276.6,1,18,6,0,0,255,255,255,255,0,3,0,32,THERMOKING,NULL,NA,2,2,100,1,0
244,ZGRU621062x03,Madurador,1,"Sin Informacion","2023-11-03 17:59:21","2023-11-03 17:59:21",1,1,398,0,-11.9803,-77.1226,"2023-11-03 22:14:48",16.1,-3277,17,16.5,0,0,0,23.2,0,-38.5,0,0,97,0,0,3276.6,458,60,7.6,7.8,7.5,0,20.2,30,8,0,0,0,0,0,3276.6,16,0,0,0,5.84,0,0,11,82,11,0,192,1,32766,3276.6,0,1.2,18,6,0,0,255,255,255,255,49,5,0,1,THERMOKING,NULL,NA,2,2,0,0,0
245,9x004x002x007x000x006,Madurador,1,"Sin Informacion","2023-11-04 13:55:15","2023-11-04 13:55:15",1,1,399,16,-11.9803,-77.1226,"2023-11-04 13:55:15",16.6,-3277,17.1,0,37,61.1,-3276.9,23.7,0,0,0,0,92,0,3276.6,3276.6,0,0,0,0,0,25.4,3276.6,0,0,0,428.7,60.8,0,3276.6,3276.6,16.3,17.1,31.3,0,2.49,0.85,0,0,0,0,0,0,0,0,0,3276.6,1.2,0,0,0,0,0,0,0,0,34.7,5,87,1,THERMOKING,NULL,NA,2,2,0,0,0
246,ZGRU9802859,Madurador,1,SAASA,"2023-11-10 17:05:32","2023-11-17 11:21:22",34,1,4376,16,-11.9803,-77.1226,"2024-07-19 15:24:52",21.9,-3277,21.7,22.2,23,27.3,-3277,24.2,21.2,22.2,-25.7,-38.5,76,32766,3276.6,3276.6,471,60,5.2,3.9,5.1,25.4,3276.6,0,0,0,42138.4,2246.6,0,3276.6,3276.6,21.9,21.7,33.79,0,0.01,1.71,1,9,0,0,0,254,0,32766,3276.6,3276.6,3276.6,18,4,0,0,255,255,255,255,0,0,0,0,THERMOKING,NULL,NA,2,2,0,0,0
247,ZGRU5011183,Madurador,1,SAASA,"2023-11-10 17:19:01","2023-11-17 11:21:03",34,1,4377,16,-11.9803,-77.1226,"2024-07-19 15:25:20",21.5,-3277,23.5,23.3,25.5,27.8,-3277,22.8,22.5,22.5,22.5,0,97,32766,6502.8,6515.1,471,60,5.9,3.9,693.9,691.2,6515.1,127,0,0,21311700,17157700,0,6502.8,6515.1,5516.7,6016,128,70.2,652.84,655.35,0,10,0,0,1,90,0,32766,3276.6,3276.6,3276.6,10,6,0,0,74,90,27,4,0,0,0,0,THERMOKING,NULL,NA,2,2,0,0,0
248,LOSU1114500,Madurador,1,"Sin Informacion","2023-11-13 14:21:12","2023-11-13 14:21:12",1,1,4378,-20,-11.9803,-77.1226,"2023-11-13 14:21:12",0,0,0,0,0,0,0,0,0,0,0,0,0,0,0,0,0,0,0,0,0,0,0,0,0,0,0,0,0,0,0,0,0,0,0,0,0,0,79,1,1,0,254,0,32766,3276.6,3276.6,3276.6,18,6,0,0,255,255,255,255,0,0,0,0,THERMOKING,NULL,NA,2,2,0,0,0
249,ZGRU8450690,Madurador,1,"Sin Informacion","2023-11-13 14:27:47","2023-11-13 14:27:47",1,1,4379,21,-11.9803,-77.1226,"2023-12-27 10:55:52",24.3,-3277,24.6,24.7,24.1,24.2,-3276.9,24.6,0,0,0,0,32766,32767,3276.6,3276.6,454,32760,0,0,0,25.5,3276.7,0,0,0,25.1,21.9,0,3276.6,3276.6,24.3,24.6,29.34,0,0.01,0.02,0,255,0,0,1,86,2,32766,3276.6,3276.6,3.5,18,6,0,0,255,255,255,255,0,6,0,1,THERMOKING,NULL,NA,2,2,80,0,0
250,LOSU1210800,Madurador,1,"MAKRO ICA","2023-11-14 18:08:49","2023-11-23 18:50:19",1,1,4380,-20,-11.9803,-77.1226,"2024-07-19 15:25:35",-19.7,-3277,-19.2,-18.4,28,43.2,-3276.9,25.8,28.3,-38.5,-38.5,-38.5,74,32766,3276.6,3276.6,459,60,0.7,0.7,0.7,25.4,3276.6,30,0,0,17668.4,17665.7,0,3276.6,3276.6,6533.9,6534.4,33.37,0,0.25,2.97,0,100,1,1,0,254,0,32766,3276.6,3276.6,3276.6,18,6,0,0,255,255,255,255,0,0,0,0,THERMOKING,NULL,NA,2,2,0,0,0
251,ZGRU9072899,Madurador,1,"Coorporación de Restaurantes","2023-11-15 17:56:22","2023-11-21 10:25:29",35,1,4381,-25.1,-11.9803,-77.1226,"2024-06-29 12:02:22",-15,-3277,-3.9,-8.3,41,71.3,-3276.9,28.8,0,-38.5,-38.5,-38.5,40,32766,3276.6,3276.6,459,59,10.7,10.7,10.4,25.4,3276.6,30,100,0,24988.7,4.4,0,3276.6,3276.6,6538.6,6549.7,34.84,0.25,6.72,4.42,0,100,1,1,0,254,0,32766,3276.6,3276.6,3276.6,18,6,0,0,255,255,255,255,0,0,0,0,THERMOKING,NULL,NA,2,2,0,0,0
252,ZGRU8290104,Madurador,1,"Sin Informacion","2023-11-15 18:33:33","2023-11-15 18:33:33",1,1,4382,-18,-11.9803,-77.1226,"2023-11-15 18:33:33",5.7,-3277,19.2,15.6,40,71,-3277,25.9,0,0,0,0,0,32766,3276.6,3276.6,462,60,10,12.7,9.5,25.4,3276.6,0,0,0,54840.3,2.9,0,3276.6,3276.6,5.7,19.2,25.53,0.07,0.01,0.12,0,100,0,0,0,254,0,32766,3276.6,3276.6,3276.6,18,6,0,0,255,255,255,255,0,0,0,0,THERMOKING,NULL,NA,2,2,0,0,0
253,ZGRU9002343-e,Madurador,1,"Coorporación de Restaurantes","2023-11-15 18:44:36","2023-11-21 17:50:51",1,1,4383,-18,-11.9803,-77.1226,"2023-11-15 18:44:36",-1.1,-3277,13,6.9,42.2,74.6,-3277,25.5,0,0,0,0,0,32766,3276.6,3276.6,462,59,12.6,12.4,12.5,25.4,3276.6,30,100,0,54841.3,0.9,0,3276.6,3276.6,6552.5,13,25.85,0,7.98,8.05,0,100,1,1,0,254,0,32766,3276.6,3276.6,3276.6,18,6,0,0,255,255,255,255,0,0,0,0,THERMOKING,NULL,NA,2,2,0,0,0
254,ZGRU8702406,Madurador,1,"ALAMEDA SUR","2023-11-17 10:27:16","2024-07-11 16:46:49",57,1,4384,2,-12.1964,-77.0115,"2024-07-19 10:36:17",2.6,-3277,3.9,5.3,38.1,55.1,-3276.9,18.1,-38.5,-38.5,-38.5,-38.5,88,32766,3276.6,3276.6,436,60,4.4,4.3,4.2,25.4,3276.6,30,0,0,6976.7,398.3,0,3276.6,3276.6,2.3,3.9,28.62,0,0.75,1.91,0,19,1,1,0,254,0,32766,3276.6,3276.6,3276.6,18,6,0,0,255,255,255,255,0,3,0,0,THERMOKING,NULL,NA,2,2,0,0,0
255,ZGRU9044691,Madurador,1,"Makro Piura","2023-11-17 18:52:57","2023-11-18 08:17:02",1,1,4385,-20,-11.9803,-77.1226,"2024-07-06 10:26:05",8.3,-3277,19.8,19,42.7,62.3,-3276.9,25.7,0,0,0,0,73,32766,3276.6,3276.6,463,59,10.8,10.7,10.5,25.4,3276.6,30,100,0,13322.7,0.4,0,3276.6,3276.6,8.3,19.8,23.48,0.52,7.28,5.94,0,100,1,1,0,254,0,32766,3276.6,3276.6,3276.6,18,6,0,0,255,255,255,255,0,0,0,0,THERMOKING,NULL,NA,2,2,0,0,0
256,ZGRU4965977,Madurador,1,"NESTLE-Metro Molina","2023-11-20 09:09:00","2023-11-25 08:11:10",1,1,4386,-25,-11.9803,-77.1226,"2024-07-19 15:25:00",-24.9,-3277,-23.5,-23,24.8,53.3,-3276.9,21.3,25.6,-38.5,-38.5,-38.5,61,32766,3276.6,3276.6,446,60,7.4,7.5,7.4,25.4,3276.6,30,100,0,25527.9,12145.6,0,3276.6,3276.6,6528.7,6530.1,30.09,0,3.9,2.12,0,100,1,1,0,254,0,32766,3276.6,3276.6,3276.6,18,12,0,0,255,255,255,255,0,0,0,0,THERMOKING,NULL,NA,2,2,0,0,0
261,ZGRU9082222,Madurador,1,"NESTLE -Metro Ventanilla","2023-11-20 10:38:29","2023-11-22 08:31:33",1,1,4388,-25,-11.9803,-77.1226,"2024-07-19 15:25:28",-28.9,-3277,-25.1,-25.1,28.6,53,-3276.9,20.5,0,-38.5,-38.5,-38.5,51,32766,3276.6,3276.6,435,60,8.7,8.8,8.9,25.4,3276.6,30,100,0,12070.9,12067.4,0,3276.6,3276.6,6524.7,6528.5,29.88,0.18,5.3,2.08,0,100,1,1,0,254,0,32766,3276.6,3276.6,3276.6,18,6,0,0,255,255,255,255,0,0,0,0,THERMOKING,NULL,NA,2,2,0,0,0
262,ZGRU7502261,Madurador,1,"Nestle Tottus la Marina","2023-11-20 10:38:30","2023-11-27 08:56:21",1,1,4387,-25,-11.9803,-77.1226,"2024-07-19 11:57:44",15.6,-3277,15.6,15.3,18.7,18.9,-3276.9,0,0,0,0,0,32766,32766,3276.6,3276.6,452,32760,0,0,0,25.4,3276.6,0,0,0,18842.7,8082.4,0,3276.6,3276.6,15.6,15.6,25.69,0,0.01,3.03,0,255,0,0,0,254,0,32766,3276.6,3276.6,3276.6,18,6,0,0,255,255,255,255,0,0,0,0,THERMOKING,NULL,NA,2,2,0,0,0
263,ZGRU9017551,Madurador,1,"ALAMEDA SUR","2023-11-21 11:24:10","2024-07-09 16:03:43",57,1,4393,-20,-12.1964,-77.0115,"2024-07-19 15:25:46",-18.1,-3277,-6.3,0.1,21,41.6,-3277,19.1,18.2,-38.5,-38.5,-38.5,32766,32766,3276.6,3276.6,436,60,4.9,4.9,4.9,25.4,3276.6,0,0,0,26576.4,1192.2,0,3276.6,3276.6,6533.6,6533.5,28.84,0,3.69,3.28,0,48,1,1,0,254,0,32766,3276.6,3276.6,3276.6,18,6,0,0,255,255,255,255,0,0,0,0,THERMOKING,NULL,NA,2,2,0,0,0
264,ZGRU9002343,Madurador,1,"Coorporación de Restaurantes	","2023-11-21 17:43:04","2023-11-21 17:49:44",35,1,4383,-18,-11.9803,-77.1226,"2023-12-05 22:21:30",23.2,-3277,22.8,23.1,30.2,67.3,-3277,32.5,0,-38.5,-38.5,-38.5,0,32766,3276.6,3276.6,389,53,3.5,5.1,3.1,25.4,3276.6,0,0,0,56527,1686.6,0,3276.6,3276.6,23.2,22.8,37.56,0,2.16,3.49,1,48,1,1,0,254,0,32766,3276.6,3276.6,3276.6,18,6,0,0,255,255,255,255,0,0,0,0,THERMOKING,NULL,NA,2,2,0,0,0
265,NULL,NULL,0,NULL,"2023-11-22 09:26:46","2023-11-22 10:04:34",1,1,1,NULL,NULL,NULL,NULL,NULL,NULL,NULL,NULL,NULL,NULL,NULL,NULL,NULL,NULL,NULL,NULL,NULL,NULL,NULL,NULL,NULL,NULL,NULL,NULL,NULL,NULL,NULL,NULL,NULL,NULL,NULL,NULL,NULL,NULL,NULL,NULL,NULL,NULL,NULL,NULL,NULL,NULL,NULL,NULL,NULL,NULL,NULL,NULL,NULL,NULL,NULL,NULL,NULL,NULL,NULL,NULL,NULL,NULL,NULL,NULL,NULL,NULL,NULL,NULL,NULL,NULL,NA,1,1,0,0,0
266,ZGRU2920615,Madurador,1,"NESTLE TOTTUS EL AGUSTINO ","2023-11-22 17:01:58","2023-11-29 15:54:06",1,1,4395,4,-11.9803,-77.1226,"2024-07-10 15:40:22",4,-3277,6.2,6.2,40.5,62.1,-3276.9,21.1,19.9,-38.5,-38.5,-38.5,88,32766,3276.6,3276.6,465,60,4.8,4.8,4.8,25.4,3276.6,30,3,0,10276.7,0,0,3276.6,3276.6,4,6.2,27.52,0,0.89,0,0,21,1,1,0,254,0,32766,3276.6,3276.6,3276.6,18,6,0,0,255,255,255,255,320,0,0,0,THERMOKING,NULL,NA,2,2,0,0,0
267,ZGRU0018011,Madurador,1,TANTA,"2023-11-23 18:34:40","2023-11-23 18:48:17",1,1,4463,4,-11.9803,-77.1226,"2023-12-27 14:28:28",25.7,-3277,27.2,27.2,35.6,40.2,-3276.9,27.4,0,0,0,0,97,32766,3276.6,3276.6,456,60,10.7,10.5,10.5,25.4,3276.6,30,37,0,9090.3,0,0,3276.6,3276.6,25.7,27.2,27.65,69.39,417.28,225.3,0,97,1,1,1,65,0,32766,3276.6,3276.6,3276.6,18,6,0,0,255,255,255,255,0,0,0,0,THERMOKING,NULL,NA,2,2,0,0,0
268,ZGRU2015235,Madurador,1,TANTA,"2023-11-23 18:46:43","2023-11-23 18:48:08",1,1,4464,12.5,-11.9803,-77.1226,"2024-07-19 15:24:24",12.5,-3277,12.8,13.4,39.4,85.6,-3276.9,22.2,12.2,12,12.1,12.1,86,32766,3276.6,3276.6,478,60,6.1,6.3,6.2,25.4,3276.6,60,2,0,24574.9,176.9,0,3276.6,3276.6,12.5,12.8,34.7,0,4.42,2.46,0,28,1,1,0,254,0,32766,3276.6,3276.6,3276.6,18,6,0,0,255,255,255,255,0,3,0,24,THERMOKING,NULL,NA,2,2,0,0,0
269,ZGRU7268640,Madurador,1,"Sin Informacion","2023-11-27 10:03:14","2023-11-27 10:03:14",1,1,4465,-25,-11.9803,-77.1226,"2023-11-29 19:28:33",3.7,-3277,16.5,15.9,38.9,69.5,-3276.9,23.5,0,0,0,0,61,32766,3276.6,3276.6,451,60,10.4,10.3,10.2,25.4,3276.6,30,100,0,13886.5,0,0,3276.6,3276.6,3.7,16.5,24.19,0.52,6.82,6.55,0,100,1,1,0,254,0,32766,3276.6,3276.6,3276.6,18,6,0,0,255,255,255,255,0,0,0,0,THERMOKING,NULL,NA,2,2,0,0,0
270,test_alarma,Madurador,1,"Sin Informacion","2023-11-27 10:53:11","2023-11-27 10:53:11",1,1,4466,-25,-11.9803,-77.1226,"2023-11-29 16:52:13",-25.1,-3277,-24.1,-23.9,32,64.7,-3276.9,24.3,25.2,-38.5,-38.5,-38.5,55,32766,3276.6,3276.6,462,60,8.7,9.3,8.9,25.4,3276.6,30,100,0,215.5,161.4,0,3276.6,3276.6,6525.5,6529.5,30.45,0,5.74,1,0,100,1,1,0,254,0,32766,3276.6,3276.6,3276.6,18,6,0,0,255,255,255,255,0,0,0,0,THERMOKING,NULL,NA,2,2,0,0,0
271,ZGRU6751124,Madurador,1,"NESTLE CENTRAL","2023-11-27 13:56:38","2024-02-22 17:32:41",1,1,4467,-20,-11.9803,-77.1226,"2024-06-10 10:17:26",16,-3277,17.2,15.8,19.7,20.6,-3276.9,19.2,0,0,0,0,32766,32766,3276.6,3276.6,452,60,8,9.8,7.5,25.4,3276.6,0,0,0,16724.6,16717,0,3276.6,3276.6,16,17.2,26.07,0,0.01,5.44,0,84,0,0,0,254,0,32766,3276.6,3276.6,3276.6,18,6,0,0,255,255,255,255,0,3,0,0,THERMOKING,NULL,NA,2,2,0,0,0
272,ZGRU9652669,Madurador,1,"NESTLE WONG GUITIERREZ","2023-11-27 17:25:48","2023-12-04 15:53:38",1,1,4468,5,-11.9803,-77.1226,"2024-02-22 17:29:18",19.5,-3277,26.4,24.5,41,66.5,-3276.9,28.8,0,0,0,0,63,32766,3276.6,3276.6,462,60,0.2,0.3,0.2,25.4,3276.6,0,0,0,12004.7,0.2,0,3276.6,3276.6,19.5,26.4,30.15,0.52,0.2,5.01,0,48,1,1,0,254,0,32766,3276.6,3276.6,3276.6,18,6,0,0,255,255,255,255,0,0,0,0,THERMOKING,NULL,NA,2,2,0,0,0
273,ZGRU3303096,Madurador,1,"MAKRO Santa Anita","2023-11-27 17:34:10","2024-04-01 15:22:53",47,1,4469,12,-12.0548,-76.9678,"2024-07-19 15:25:41",12.1,-3277,13.5,13.4,37.2,74.7,-3277,21,0,-38.5,-38.5,-38.5,32766,32766,3276.6,3276.6,439,60,4.8,7.9,7.9,25.4,3276.6,30,2,0,46240.6,3645.9,0,3276.6,3276.6,12,13.5,461.81,10.51,655.35,655.35,0,11,1,1,0,254,0,32766,3276.6,3276.6,3276.6,18,6,0,0,16,220,27,4,0,0,0,0,THERMOKING,NULL,NA,2,2,0,0,0
274,ZGRU2212229,Madurador,1,"NESTLE WONG ATE","2023-11-27 18:10:12","2023-11-29 15:53:38",1,1,6,-25,-11.9803,-77.1226,"2024-07-19 15:24:17",-30.5,-3277,-24.7,-27.4,23,51.5,-3276.9,20.3,0,-38.5,-38.5,-38.5,51,32766,3276.6,3276.6,464,60,0,0,0,25.4,3276.6,0,0,0,12180.5,12174.9,0,3276.6,3276.6,6523.1,6528.9,33.76,0,0.02,1.96,0,48,1,1,0,254,0,32766,3276.6,3276.6,3276.6,18,6,0,0,255,255,255,255,0,0,0,0,THERMOKING,NULL,NA,2,2,0,0,0
275,ZGRU5172746,Madurador,1,LIDLEY!,"2023-11-27 19:28:40","2023-12-07 10:59:37",1,1,4471,-18,-11.9803,-77.1226,"2024-07-19 15:25:18",-27.1,-3277,-18.5,-21.9,41.1,67.8,-3277,22.4,15.8,-38.5,-38.5,-38.5,70,32766,3276.6,3276.6,429,60,9.8,9.9,9,25.4,3276.6,30,100,0,17828.8,13327,0,3276.6,3276.6,6526.5,6535.1,30.43,0,5.69,2.36,0,48,1,1,0,254,0,32766,3276.6,3276.6,3276.6,18,6,0,0,255,255,255,255,0,0,0,0,THERMOKING,NULL,NA,2,2,0,0,0
276,ZGRU7806982,Madurador,1,"NESTLE METRO PURUCHUCO","2023-11-29 18:27:07","2023-11-30 09:03:01",1,1,4472,-25,-11.9803,-77.1226,"2024-07-19 15:25:02",-34.1,-3277,-23.4,-34.1,26.4,70.2,-3276.9,20.1,0,-38.5,-38.5,-38.5,67,32766,3276.6,3276.6,458,60,7.9,7.8,7.6,25.4,3276.6,30,100,0,13145.8,13136.9,0,3276.6,3276.6,6519.5,6530.2,28.77,0,4.93,2.09,0,100,1,1,0,254,0,32766,3276.6,3276.6,3276.6,18,6,0,0,255,255,255,255,0,0,0,0,THERMOKING,NULL,NA,2,2,0,0,0
277,ZGRU5143795,Madurador,1,"NESTLE TOTTUS MEGAPLAZA","2023-11-29 19:29:13","2023-11-30 09:02:08",1,1,4473,-25,-11.9803,-77.1226,"2024-07-19 15:24:10",-28.9,-3277,-24.3,-23.4,33,88,-3276.9,23.7,19,-38.5,-38.5,-38.5,80,32766,3276.6,3276.6,452,60,7.8,7.7,7.7,25.4,3276.6,30,100,0,34187.1,20300.6,0,3276.6,3276.6,6524.7,6529.3,34.04,0,4.11,3.63,0,100,1,1,0,254,0,32766,3276.6,3276.6,3276.6,18,6,0,0,255,255,255,255,0,0,0,0,THERMOKING,NULL,NA,2,2,0,0,0
278,ZGRU4800000,Madurador,0,"Sin Informacion","2023-11-30 16:42:34","2023-11-30 17:10:12",1,1,4474,-25,-11.9803,-77.1226,"2023-11-30 16:42:33",-27.1,-3277,0,-26.2,30.4,58.4,-3276.9,25.1,0,-38.5,-38.5,-38.5,67,32766,3276.6,3276.6,435,60,9.3,9.5,9.4,25.4,3276.6,30,100,0,460.8,457.4,0,3276.6,3276.6,6526.5,6528.9,34.22,0,5.68,1.85,0,100,1,1,0,254,0,32766,3276.6,3276.6,3276.6,18,6,0,0,255,255,255,255,0,0,0,0,THERMOKING,NULL,NA,2,2,0,0,0
279,ZGRU4900000,Madurador,0,"Sin Informacion","2023-11-30 16:44:06","2023-11-30 17:10:06",1,1,4475,-25,-11.9803,-77.1226,"2023-11-30 16:44:06",-26.5,-3277,0,-23.4,30.7,68.7,-3276.9,24.7,28.3,-38.5,-38.5,-38.5,80,32766,3276.6,3276.6,442,60,7.8,7.6,7.6,25.4,3276.6,30,100,0,13653.9,271.6,0,3276.6,3276.6,6527.1,6530,33.6,0,3.99,1.81,0,100,1,1,0,254,0,32766,3276.6,3276.6,3276.6,18,12,0,0,255,255,255,255,0,0,0,0,THERMOKING,NULL,NA,2,2,0,0,0
280,ZGRU4812899,Madurador,1,"MAKRO HUACHO","2023-11-30 16:45:20","2024-07-19 10:21:00",1,1,4476,-25,-11.9803,-77.1226,"2024-07-19 15:24:58",-18.3,-3277,-4.1,18,18.4,27.1,-3276.9,17.6,15.4,-38.5,-38.5,-38.5,32766,32766,3276.6,3276.6,462,60,0,0,0,25.4,3276.6,0,0,0,1531.5,86.3,0,3276.6,3276.6,6528.6,6528.6,27.97,0,0.01,1.94,0,48,1,1,0,254,0,32766,3276.6,3276.6,3276.6,18,6,0,0,255,255,255,255,0,0,0,0,THERMOKING,NULL,NA,2,2,0,0,0
281,ZGRU6253228,Madurador,1,"NESTLE TOTTUS PACHACUTEC","2023-12-02 16:51:44","2023-12-04 15:54:23",1,1,4477,-25,-11.9803,-77.1226,"2024-05-31 08:46:35",5.2,-3277,12.8,7.7,25.9,56,-3276.9,16.6,0,0,0,0,97,32766,3276.6,3276.6,447,60,9.5,10.8,10,25.4,3276.6,30,100,0,8889,8886,0,3276.6,3276.6,5.2,12.8,17.18,0.2,6.52,1.76,0,100,1,1,0,254,0,32766,3276.6,3276.6,3276.6,18,6,0,0,255,255,255,255,0,0,0,0,THERMOKING,NULL,NA,2,2,0,0,0
282,ZGRU9027293,Madurador,1,"OTERRA -ALMACENAJE 32","2023-12-06 17:05:37","2024-07-16 12:03:53",58,1,4478,-5,-11.9803,-77.1226,"2024-07-19 15:24:42",-6.7,-3277,-2.3,-2.4,25.5,49.5,-3276.9,19.4,0,-38.5,-38.5,-38.5,92,32766,3276.6,3276.6,464,60,6.2,6.4,5.9,25.4,3276.6,30,63,0,27380.3,539.1,0,3276.6,3276.6,6546.9,6549.9,31.54,0,1.83,1.71,0,17,1,1,0,254,0,32766,3276.6,3276.6,3276.6,18,6,0,0,255,255,255,255,0,0,0,0,THERMOKING,NULL,NA,2,2,0,0,0
283,ZGRU0048269,Madurador,1,"Sin Informacion","2023-12-07 16:08:37","2023-12-07 16:08:37",1,1,4479,-18,-11.9803,-77.1226,"2023-12-07 11:11:15",-20.3,-3277,-15.6,-19.1,43.5,79.1,-3277,0,0,0,0,0,72,32766,3276.6,3276.6,463,59,12,11.9,11.9,25.4,3276.6,30,100,0,36995.3,138.3,0,3276.6,3276.6,6533.3,6538,43.96,0,7.68,4.61,0,100,1,1,0,254,0,32766,3276.6,3276.6,3276.6,18,3,0,0,255,255,255,255,0,0,0,0,THERMOKING,NULL,NA,2,2,0,0,0
284,ZGRU8737698,Madurador,1,Exotic,"2023-12-11 14:57:58","2024-02-16 18:15:51",1,1,4480,24.7,-11.9803,-77.1226,"2023-12-11 17:21:30",25.4,-3277,25.2,25.4,40.9,57.3,-3276.9,28.1,0,-38.5,-38.5,-38.5,63,0,6502.4,6515.1,53119,15361,153.6,153.6,179.2,0.1,25.6,7680,0,0,2918.4,0,0,6502.4,6515.1,6515.1,6451.2,35.84,0,61.44,0,0,0,1,1,1,85,0,32766,3276.6,3276.6,3276.6,18,6,0,0,255,255,255,255,0,5,0,38,THERMOKING,NULL,NA,2,2,180,1,0
285,ZGRU7737696,Madurador,1,"Sin Informacion","2023-12-11 17:22:09","2023-12-11 17:22:09",1,1,4481,24.7,-11.9803,-77.1226,"2023-12-12 18:19:49",25.5,0,25.2,25.5,0,0,0,28.2,0,0,0,0,63,0,0,0,0,0,0,0,0,0,0,0,0,0,0,0,0,0,0,0,0,0,0,0,0,0,13,1,1,1,85,2,32766,3276.6,3276.6,2.5,18,6,0,0,255,255,255,255,0,0,0,0,THERMOKING,NULL,NA,2,2,0,0,0
286,ZGRU8737697,Madurador,1,Exotic,"2023-12-12 18:23:07","2024-02-16 18:16:16",37,1,4482,-2.52,-11.9803,-77.1226,"2024-05-17 13:56:46",22.9,-25.2,51.1,0.1,-4249.5,-51,-38.5,-38.5,268.7,204.8,154.3,0,65535,65535,3276.6,3276.6,65535,32760,0,0.1,0.1,25.5,3276.7,0,0,0,441.3,165.4,0,3276.6,3276.6,22.9,23.5,0.11,0,0.01,0.5,210,255,0,0,1,90,2,32766,3276.6,3276.6,1,18,6,0,0,255,255,255,255,0,6,0,2,THERMOKING,NULL,NA,2,2,100,1,0
287,ZGRU4723326_3,Madurador,0,"Sin Informacion","2023-12-12 18:24:57","2023-12-12 18:37:17",1,1,297,-2,-11.9803,-77.1226,"2023-12-12 18:32:22",-2.1,-3277,-0.4,-0.1,48.9,96,-3276.9,35.3,0,-38.5,-38.5,-38.5,87,32766,3276.6,3276.6,444,60,4.4,4.2,4.4,25.4,3276.6,30,26,0,18007.3,10.6,0,3276.6,3276.6,6551.6,6552.7,39.07,0,0.9,0.43,0,20,1,1,0,254,0,32766,3276.6,3276.6,3276.6,18,6,0,0,255,255,255,255,0,0,0,0,THERMOKING,NULL,NA,2,2,0,0,0
288,ZGRU4723326_2,Madurador,1,"Sin Informacion","2023-12-12 18:34:12","2023-12-12 18:37:30",1,1,297,-2,-11.9803,-77.1226,"2023-12-12 18:36:11",-1.8,-3277,-0.7,-0.4,46.8,94.2,-3276.9,34.8,0,-38.5,-38.5,-38.5,86,32766,3276.6,3276.6,445,60,4.3,4.2,4.4,25.4,3276.6,30,7,0,18007.4,10.8,0,3276.6,3276.6,6551.6,6552.9,39.13,0,0.9,0.44,0,22,1,1,0,254,0,32766,3276.6,3276.6,3276.6,18,6,0,0,255,255,255,255,0,0,0,0,THERMOKING,NULL,NA,2,2,0,1,0
289,ZGRU4723326,Madurador,1,"Sin Informacion","2023-12-12 18:38:03","2023-12-12 18:38:03",1,1,297,-25,-11.9803,-77.1226,"2023-12-27 09:17:24",-1.3,0,-0.3,-1.3,0,0,0,21.7,0,0,0,0,85,0,0,0,0,0,0,0,0,0,0,0,0,0,0,0,0,0,0,0,0,0,0,0,0,0,255,0,0,0,254,0,32766,3276.6,3276.6,3276.6,18,6,0,0,255,255,255,255,0,0,0,0,THERMOKING,NULL,NA,2,2,0,0,0
290,ZTRACK001,Madurador,1,"Sin Informacion","2023-12-19 09:25:27","2023-12-19 11:18:42",1,1,4486,0,-11.9803,-77.1226,"2023-12-19 19:02:15",0,0,0,0,0,0,0,0,0,0,0,0,0,0,0,0,0,0,0,0,0,0,0,0,0,0,0,0,0,0,0,0,0,0,0,0,0,0,0,0,0,0,0,0,0,0,0,0,0,0,0,0,0,0,0,0,0,0,0,0,THERMOKING,NULL,NA,2,2,0,0,0
291,ZGRU6235390,Madurador,1,"ICS MIAMI","2023-12-19 20:14:50","2024-07-17 09:21:23",38,1,4487,21,-11.9803,-77.1226,"2024-07-19 15:24:18",20.2,-3277,21.7,19.1,50.6,84.8,-3276.9,38.7,-38.5,-38.5,-38.5,-38.5,88,0,3276.6,3276.6,469,60,5,3.6,5.1,0.1,20.7,60,12,0,5373,247,0,3276.6,3276.6,20,21.7,49.33,0,1.55,2.44,0,20,1,1,1,90,0,32766,3276.6,3276.6,3276.6,18,6,0,0,255,255,255,255,125.7,5,0,51,THERMOKING,NULL,NA,2,2,125,0,0
292,LOSU1114490,Madurador,1,"Sin Informacion","2023-12-21 20:32:06","2023-12-21 20:32:06",1,1,4488,-40,-11.9803,-77.1226,"2023-12-21 20:43:56",23,-3277,22.9,23.1,22,22.3,-3276.9,22.2,0,0,0,0,32766,32766,3276.6,3276.6,463,32760,0,0,0,25.4,3276.6,0,0,0,22.6,0,0,3276.6,3276.6,23,22.9,24.9,0.02,0.01,0,0,156,0,0,0,254,0,32766,3276.6,3276.6,3276.6,18,4,0,0,255,255,255,255,0,0,0,0,THERMOKING,NULL,NA,2,2,0,0,0
293,ZGRU6766430,Madurador,1,"Sin Informacion","2023-12-22 10:32:28","2023-12-22 10:32:28",1,1,4489,13,-11.9803,-77.1226,"2023-12-22 11:13:46",26,-3277,25.8,25.6,26.8,32.5,-3276.9,26.7,0,-38.5,-38.5,-38.5,32766,32766,3276.6,3276.6,460,60,0.6,0.8,0.6,25.4,3276.6,0,0,0,23,0.4,0,3276.6,3276.6,26,25.8,27.6,0.03,0.01,0.14,0,48,0,0,1,65,0,32766,3276.6,3276.6,3276.6,18,4,0,0,255,255,255,255,0,0,0,0,THERMOKING,NULL,NA,2,2,0,0,0
294,ZGRU0000004,Madurador,1,"Sin Informacion","2023-12-22 12:04:44","2023-12-22 12:04:44",1,1,4490,-40,-11.9803,-77.1226,"2023-12-22 12:04:44",0,0,0,0,0,0,0,0,0,0,0,0,0,0,0,0,0,0,0,0,0,0,0,0,0,0,0,0,0,0,0,0,0,0,0,0,0,0,156,1,1,0,254,0,32766,3276.6,3276.6,3276.6,18,4,0,0,255,255,255,255,0,0,0,0,THERMOKING,NULL,NA,2,2,0,0,0
295,ZGRU0000003,Madurador,1,"Sin Informacion","2023-12-22 12:15:16","2023-12-22 12:15:16",1,1,4491,-2,-11.9803,-77.1226,"2023-12-22 12:16:17",24.6,-3277,26.6,23.2,37.8,42.4,-3276.9,29.1,0,0,0,0,58,32766,3276.6,3276.6,454,60,6.3,10.8,8,25.4,3276.6,0,0,0,22.9,0.1,0,3276.6,3276.6,24.6,26.6,29.09,0.52,0.01,2.97,0,75,0,0,0,254,0,32766,3276.6,3276.6,3276.6,18,4,0,0,255,255,255,255,0,0,0,0,THERMOKING,NULL,NA,2,2,0,0,0
296,LOSU1114510,Madurador,1,"Sin Informacion","2023-12-22 12:52:40","2023-12-22 12:52:40",1,1,4492,1.66,-11.9803,-77.1226,"2024-04-29 09:53:29",0,0,0,0,0,0,0,0,0,0,0,0,0,0,0,0,0,0,0,0,0,0,0,0,0,0,0,0,0,0,0,0,0,0,0,0,0,0,49,1,1,1,65,0,32766,3276.6,3276.6,3276.6,18,4,0,0,255,255,255,255,0,0,0,0,THERMOKING,NULL,NA,2,2,0,0,0
297,ZGRU6766431,Madurador,1,"Sin Informacion","2023-12-22 13:17:07","2024-02-12 17:48:06",1,1,4493,-40,-11.9803,-77.1226,"2023-12-22 13:17:07",0,0,0,0,0,0,0,0,0,0,0,0,0,0,0,0,0,0,0,0,0,0,0,0,0,0,0,0,0,0,0,0,0,0,0,0,0,0,156,1,1,0,254,0,32766,3276.6,3276.6,3276.6,18,4,0,0,255,255,255,255,0,0,0,0,THERMOKING,NULL,NA,2,2,0,0,0
298,ZGRU2018234,Madurador,1,"NESTLE METRO RETABLO","2023-12-26 14:57:21","2024-01-02 09:49:45",1,1,4494,-25,-11.9803,-77.1226,"2024-07-19 15:24:41",-18.6,-3277,1.9,10.1,26.8,35.2,-3276.9,0,-38.5,-38.5,-38.5,-38.5,79,32766,3276.6,3276.6,445,60,8.8,9.4,9,25.4,3276.6,0,100,0,11975.8,11299.4,0,3276.6,3276.6,6528.6,6528.6,29.06,0,5.87,2.29,0,94,1,1,0,254,0,32766,3276.6,3276.6,3276.6,18,6,0,0,255,255,255,255,320,0,0,0,THERMOKING,NULL,NA,2,2,0,0,0
299,ZGRU9075727,Madurador,1,"TALMA CONFIRMAR","2023-12-26 16:49:02","2024-01-02 09:49:19",1,1,4495,-20,-11.9803,-77.1226,"2024-02-03 12:00:35",-37.9,-3277,-16.5,-22.5,37,82.1,-3276.9,31,-38.5,-38.5,-38.5,-38.5,92,32766,3276.6,3276.6,423,60,9.6,9.4,9.6,25.4,3276.6,30,100,0,7573.1,2003.9,0,3276.6,3276.6,6515.7,6537.1,0.28,0,5.58,1.98,0,100,1,1,0,254,0,32766,3276.6,3276.6,3276.6,18,6,0,0,255,255,255,255,0,3,0,0,THERMOKING,NULL,NA,2,2,0,0,0
300,ZGRU9655945,Madurador,1,"Sin Informacion","2023-12-27 14:29:09","2023-12-27 14:29:09",1,1,4496,4,-11.9803,-77.1226,"2023-12-27 14:35:28",19.2,-3277,24.8,23.1,-3277,60.4,-3276.9,28,0,0,0,0,97,32766,3276.6,3276.6,463,60,5.1,4.9,5.2,25.4,3276.6,0,0,0,9090.6,0.3,0,3276.6,3276.6,19.2,24.8,27.89,69.39,2.56,171.52,0,100,0,0,1,65,0,32766,3276.6,3276.6,3276.6,18,6,0,0,255,255,255,255,0,0,0,0,THERMOKING,NULL,NA,2,2,0,0,0
301,ZGRU9086300,Madurador,1,"Sin Informacion","2023-12-27 16:26:30","2023-12-27 16:26:30",1,1,4497,-25,-11.9803,-77.1226,"2023-12-27 16:26:30",0,0,0,0,0,0,0,0,0,0,0,0,0,0,0,0,0,0,0,0,0,0,0,0,0,0,0,0,0,0,0,0,0,0,0,0,0,0,156,1,1,0,254,0,32766,3276.6,3276.6,3276.6,18,6,0,0,255,255,255,255,0,0,0,0,THERMOKING,NULL,NA,2,2,0,0,0
302,ZGRU5140008,Madurador,1,"NESTLE METRO CUTERVO-ICA","2023-12-27 16:42:25","2024-05-17 14:00:25",50,1,4498,-25,-11.9803,-77.1226,"2024-07-19 15:25:24",-30.7,-3277,-26.1,-26.9,36.4,76.8,-3277,25.9,0,-38.5,-38.5,-38.5,85,32766,3276.6,3276.6,469,60,0,0,0,25.4,3276.6,0,0,0,64955.4,11913.3,0,3276.6,3276.6,6522.9,6527.5,32.96,0,0.02,2.42,0,48,1,1,0,254,0,32766,3276.6,3276.6,3276.6,18,6,0,0,255,255,255,255,0,0,0,0,THERMOKING,NULL,NA,2,2,0,0,0
303,ZGRU2014239,Madurador,1,"NESTLE METRO CANTO REY","2023-12-28 09:22:11","2024-01-02 09:48:24",1,1,4499,17,-11.9803,-77.1226,"2024-06-13 17:41:01",16.7,-3277,18.9,18.6,39.5,33.1,-3276.9,18.4,0,-38.5,-38.5,-38.5,91,32766,6502.4,6515.1,466,60,11.7,12.9,10.7,25.4,3276.6,60,6939,0,2951040,44006.4,0,6502.4,6515.1,4339.1,4838.4,458.24,0.1,102.4,345.63,0,27,0,0,0,1,96,65024,6515.1,6515.1,6515.1,21.75,7,6,0,0,255,255,255,0,0,0,0,THERMOKING,NULL,NA,2,2,0,0,0
304,ZGRU6235391,Madurador,1,"ICS MIAMI","2024-01-09 15:00:54","2024-01-09 15:34:49",38,1,4500,10,-11.9803,-77.1226,"2024-04-27 16:19:01",10.2,-3277,12.9,8.7,39,64.2,-3276.9,27.4,0,0,0,0,86,0,3276.6,3276.6,485,60,7.1,7.7,5.9,0.2,20.5,60,11,0,4019.7,113.2,0,3276.6,3276.6,10,12.9,0.08,0,2.78,1.1,0,39,1,1,1,92,0,32766,3276.6,3276.6,3276.6,18,6,0,0,255,255,255,255,320,3,0,41,THERMOKING,NULL,NA,2,2,105,1,0
305,ZGRU0000123,Madurador,1,"Sin Informacion","2024-01-10 15:30:29","2024-01-10 15:30:29",1,1,4501,25,-11.9803,-77.1226,"2024-01-11 09:45:49",23.6,-3277,23.7,23.5,-3277.2,-3277.2,-3276.9,0,0,0,0,0,32766,32767,3276.6,3276.6,32766,32760,35,35,35,51,3276.6,0,0,0,20185.9,0,0,3276.6,3276.6,23.6,23.7,23.43,0,0.01,0,1,156,1,1,0,254,0,32766,3276.6,3276.6,3276.6,18,6,0,0,255,255,255,255,0,6,0,251,THERMOKING,NULL,NA,2,2,30,0,0
306,ZGRU0001234,Madurador,1,"Sin Informacion","2024-01-11 09:46:29","2024-01-11 09:46:29",1,1,4502,5,-11.9803,-77.1226,"2024-04-08 17:22:53",24.6,-3277,24.8,25.2,-3277.2,-3277.3,-3276.9,0,0,0,0,0,32766,32767,3276.6,3276.6,32766,32760,35,35,35,51,3276.6,0,0,0,20187.8,0.7,0,3276.6,3276.6,24.6,24.8,28.58,0,0.01,0,1,156,1,1,0,254,0,32766,3276.6,3276.6,3276.6,18,6,0,0,255,255,255,255,0,6,0,30,THERMOKING,NULL,NA,2,2,37,0,0
307,ZGRU5143711,Madurador,1,"RANSA -  YANACOCHA","2024-01-12 09:26:42","2024-01-15 11:58:50",1,1,4503,-22,-11.9803,-77.1226,"2024-02-18 07:50:08",-20.8,-3277,-21.4,-20.9,14.8,32.4,-3276.9,9.2,-17.9,-20.8,-25.7,-38.5,45,32766,3276.6,3276.6,433,53,0.7,0.7,0.7,25.4,3276.6,30,0,0,14224.5,2186.4,0,3276.6,3276.6,6532.8,6532.2,22.18,0,0.2,2.42,0,100,1,1,0,254,0,32766,3276.6,3276.6,3276.6,18,6,0,0,255,255,255,255,0,3,0,0,THERMOKING,NULL,NA,2,2,0,0,0
308,ZGRU5147070,Madurador,1,"RANSA - YANACOCHA","2024-01-12 09:35:16","2024-01-15 11:58:39",1,1,4504,5,-11.9803,-77.1226,"2024-01-26 11:39:33",5,-3277,6,6.5,38.6,76.4,-3276.9,18.4,5.6,0,-38.5,-38.5,86,32766,3276.6,3276.6,439,53,6.4,6.7,6.5,25.4,3276.6,60,3,0,3887.4,743.7,0,3276.6,3276.6,5,6,32.8,0,1.44,2.11,0,14,1,1,0,254,0,32766,3276.6,3276.6,3276.6,18,6,0,0,255,255,255,255,0,3,0,0,THERMOKING,NULL,NA,2,2,0,0,0
309,ZGRU9079131,Madurador,1,"RANSA - MALVINAS","2024-01-13 16:19:02","2024-01-15 11:57:38",1,1,4505,0,-11.9803,-77.1226,"2024-04-11 10:19:40",0,-3277,1.5,2,34.4,59.7,-3276.9,23.3,-0.1,1.2,1.9,0,92,32766,3276.6,3276.6,460,60,5.1,5.3,5,25.4,3276.6,60,3,0,36819.9,3459.3,0,3276.6,3276.6,0,1.1,655.35,0,1.72,2.33,1,19,1,1,0,254,0,32766,3276.6,3276.6,3276.6,18,6,0,0,255,255,255,255,0,3,0,0,THERMOKING,NULL,NA,2,2,0,0,0
310,ZGRU8722911,Madurador,1,"RANSA LOTE 88","2024-01-15 09:42:33","2024-03-19 16:36:00",45,1,4506,-22,-11.8377,-72.9497,"2024-07-19 15:25:12",-27.7,-3277,-22.4,-20.5,39,71.2,-3276.9,28.9,-19.9,-25.7,-24.7,-25.7,68,32766,3276.6,3276.6,471,60,10.9,11,10.2,25.4,3276.6,30,100,0,15319.6,6973.6,0,3276.6,3276.6,6525.9,6531.2,37.6,0,6.98,3.08,0,100,1,1,0,254,0,32766,3276.6,3276.6,3276.6,18,6,0,0,255,255,255,255,0,3,0,0,THERMOKING,NULL,NA,2,2,0,0,0
311,ZGRU8754950,Madurador,1,"RANSA - MALVINAS ","2024-01-15 09:44:15","2024-01-15 11:58:10",1,1,4509,7,-11.9803,-77.1226,"2024-07-18 17:02:22",7,-3277,8.2,8.4,39.8,77.8,-3276.9,19.6,-38.5,217.5,154.3,0,89,32766,3276.6,3276.6,445,60,5,4.8,5,25.4,3276.6,30,4,0,9816.3,3709.9,0,3276.6,3276.6,7,8.2,29.84,0,0.8,1.44,0,12,1,1,0,254,0,32766,3276.6,3276.6,3276.6,18,6,0,0,255,255,255,255,0,3,0,0,THERMOKING,NULL,NA,2,2,0,0,0
312,ZGRU5131876,Madurador,1,"RANSA LOTE 88","2024-01-16 08:31:31","2024-03-19 16:38:40",45,1,4527,-22,-11.9803,-77.1224,"2024-05-10 12:09:35",17,-3277,19.4,19,29.4,44.2,-3276.9,25,17.9,18.7,0,0,97,32766,3276.6,3276.6,463,60,5,5.1,5,25.4,3276.6,0,0,0,63886.4,0.2,0,3276.6,3276.6,17,19.4,23.22,0.37,4.06,3.27,0,48,1,1,0,254,0,32766,3276.6,3276.6,3276.6,18,6,0,0,255,255,255,255,0,3,0,0,THERMOKING,NULL,NA,2,2,0,0,0
313,ZGRU1503248,Madurador,1,"RANSA LOTE 88","2024-01-16 09:35:45","2024-03-19 16:38:06",45,1,4528,-22,-11.8377,-72.9498,"2024-07-19 15:25:44",-15,-3277,0.2,6.7,43.8,55.9,-3276.9,28.8,-38.5,-38.5,-38.5,-38.5,97,32766,3276.6,3276.6,471,60,12.2,12.2,11.3,25.4,3276.6,0,100,0,20234.6,9119.3,0,3276.6,3276.6,6531.5,6531.6,37.89,0,7.86,3.01,0,100,1,1,0,254,0,32766,3276.6,3276.6,3276.6,18,6,0,0,255,255,255,255,0,3,0,0,THERMOKING,NULL,NA,2,2,0,0,0
314,ZGRU7213000,Madurador,1,"MODULO 5","2024-01-17 17:24:33","2024-01-19 22:00:09",39,1,4529,-1,-11.9803,-77.1226,"2024-03-22 12:04:34",3,-3277,2.5,2.6,32.2,30.2,-3277,32.9,3,0,2.6,2.7,14975,65024,6502.4,6515.1,47231,63489,38.3,0,0,0,6515.1,127,0,0,2373840,36121.6,0,6502.4,6515.1,780.7,640,66.56,0,2.56,145.92,0,255,0,0,0,0,0,32766,3276.6,3276.6,3276.6,18,6,0,0,255,255,255,255,0,0,0,0,THERMOKING,NULL,NA,2,2,0,2,0
315,ZGRU7217000,Madurador,1,"MODULO 1","2024-01-17 17:51:17","2024-01-19 21:58:40",39,1,4530,-0.5,-11.9803,-77.1226,"2024-03-22 12:05:15",-0.5,-3277,0.8,-0.9,46.2,83.2,-3277,35.9,0.8,0.7,0,-38.5,74,32766,3276.6,3276.6,439,60,9.2,7.9,7.7,25.4,3276.6,60,40,0,11509.9,529.8,0,3276.6,3276.6,6553.1,0.8,509.48,10.51,655.35,2.55,0,37,1,0,0,0,0,32766,3276.6,3276.6,3276.6,18,6,0,0,249,201,27,4,0,0,0,0,THERMOKING,NULL,NA,2,2,0,2,0
316,ZGRU7216000,Madurador,1,"MODULO 2","2024-01-17 17:54:38","2024-01-19 21:58:49",39,1,4531,-0.5,-11.9803,-77.1226,"2024-03-22 12:04:43",0.3,-3277,1.4,-0.3,38.9,49.3,-3277,35.7,0.6,0.7,1,0,79,32766,6502.4,6515.1,442,60,6.5,6.3,6,25.4,3276.6,0,0,0,12025.4,177653,0,6502.4,6515.1,38.3,358.4,81.92,0,2.56,43.52,0,31,0,0,0,0,0,32766,3276.6,3276.6,3276.6,18,6,0,0,255,255,255,255,0,0,0,0,THERMOKING,NULL,NA,2,2,0,2,0
317,ZGRU7215000,Madurador,1,"MODULO 3","2024-01-17 18:03:26","2024-01-19 21:58:59",39,1,4532,-2.5,-11.9803,-77.1226,"2024-03-22 11:44:43",0.9,-3277,0.9,0.1,33.3,33,-3277,34.9,0.2,1.3,0.2,0,72,32766,6502.4,6515.1,443,60,3,3.9,5.4,25.4,3276.6,0,0,0,1855370,162048,0,6502.4,6515.1,243.1,230.4,48.64,0,2.56,624.64,1,49,0,0,0,0,0,32766,3276.6,3276.6,3276.6,18,6,0,0,255,255,255,255,0,0,0,0,THERMOKING,NULL,NA,2,2,0,2,0
318,ZGRU7214000,Madurador,1,"MODULO 4","2024-01-17 18:25:51","2024-01-19 21:59:10",39,1,4533,-2,-11.9803,-77.1226,"2024-03-22 12:05:33",-1.9,-3277,0.8,-2.5,44.8,74.2,-3276.9,35.1,1,0.4,0.5,0,79,32766,3276.6,3276.6,439,60,9.4,8,7.8,25.4,3276.6,60,100,0,10281.7,629.6,0,3276.6,3276.6,6551.6,0.8,39.23,0,2.6,2.44,1,73,1,0,0,0,0,32766,3276.6,3276.6,3276.6,18,6,0,0,255,255,255,255,0,0,0,0,THERMOKING,NULL,NA,2,2,0,2,0
319,ZGRU5004538,Madurador,1,"RANSA LOTE 88","2024-01-23 11:38:14","2024-02-23 17:51:35",1,1,4534,-2.52,-11.9803,-77.1226,"2024-03-27 08:40:34",25.3,-25.2,25.5,25.9,-51.2,-51.2,-38.5,25.3,-38.5,217.5,103.1,0,65535,65535,3276.6,3276.6,65535,60,2.8,3.5,2.9,25.4,3276.6,60,0,0,23022.9,0.2,0,3276.6,3276.6,25.3,24.1,24.51,0,1.7,0.01,210,255,1,1,0,254,0,32766,3276.6,3276.6,3276.6,18,4,0,0,255,255,255,255,0,3,0,0,THERMOKING,NULL,NA,2,2,0,0,0
320,ZGRU8721828,Madurador,1,"Sin Informacion","2024-01-23 11:45:28","2024-01-23 11:45:28",1,1,4535,-16,-11.9803,-77.1226,"2024-03-01 17:49:38",29,-3277,28,25.3,28.6,45.4,-3276.9,28.2,0,0,0,0,70,32766,3276.6,3276.6,463,60,10.4,10.7,9.8,25.4,3276.6,30,100,0,62134.8,0.1,0,3276.6,3276.6,29,28,27.74,0.32,6.77,5.43,0,98,1,1,0,254,0,32766,3276.6,3276.6,3276.6,18,6,0,0,255,255,255,255,0,0,0,0,THERMOKING,NULL,NA,2,2,0,0,0
321,ZGRU6351991,Madurador,1,2XL-I,"2024-01-26 12:31:22","2024-04-09 11:33:04",40,1,4536,12,-11.9803,-77.1226,"2024-04-15 17:54:41",12,-3277,19.4,19.6,49.7,76.2,-3276.9,29,16.3,19.3,18,0,71,0,3276.6,3276.6,404,51,12.6,12.6,12.5,0,20.7,60,100,0,21927.6,3486.4,0,3276.6,3276.6,12,19.4,0.25,0,6.85,3.02,0,98,1,1,1,90,2,32766,3276.6,3276.6,3.5,18,6,0,0,255,255,255,255,0,3,0,0,THERMOKING,NULL,NA,2,2,120,0,0
322,xdax00x00x00x00x00x00x00x00x00x00,Madurador,1,"Sin Informacion","2024-01-26 14:30:09","2024-01-26 14:30:09",1,1,4537,2.56,-11.9803,-77.1226,"2024-01-26 14:30:09",19.9,-3277,22.9,22.1,37.3,54.8,-3276.9,33.1,-3277,-3277,-3277,-3277,0,0,3276.6,3276.6,360,60,12.4,16,12.2,25.4,3276.6,0,0,0,29725.5,5461.3,0,3276.6,3276.6,19.9,22.9,0.19,0,0.01,2.85,2.84,0,0,0,0,0,0,0,3276.6,332.8,696.6,652.84,255,255,255,254,127,0,0,0,0,0,0,THERMOKING,NULL,NA,2,2,0,0,0
323,xffx00x00x00x00x00x00x00x00x00x00,Madurador,1,"Sin Informacion","2024-01-26 14:34:35","2024-01-26 14:34:35",1,1,4538,-2.52,-11.9803,-77.1226,"2024-01-26 14:43:31",-38.5,-38.5,-38.5,12.7,16,12.2,-3277,33.1,0,0,-1113.7,-204.8,5120,0,3276.6,3276.6,509,60,12.4,16,12.2,25.4,3276.6,0,0,0,29725.5,5461.3,0,3276.6,3276.6,19.9,22.9,0.19,0,0.01,2.85,2.84,255,255,255,255,255,255,0,3276.6,332.8,696.6,652.84,255,255,255,0,20,0,0,0.3,0.3,0.3,0.3,THERMOKING,NULL,NA,2,2,0,0,0
324,ZGRU6915730,Madurador,1,MADURADOR-1,"2024-01-26 14:52:42","2024-04-09 11:47:44",40,1,4539,17,-11.9803,-77.1226,"2024-04-14 08:54:11",17,-3277,18.9,21.3,46.9,69,-3276.9,24.9,0,0,0,0,89,0,3276.6,3276.6,403,50,8.2,7.9,7.7,25.4,3276.6,0,0,0,36701.4,12437.2,0,3276.6,3276.6,17,18.9,0.16,0,0.01,3.27,0,45,0,0,1,90,0,32766,3276.6,3276.6,3276.6,18,6,0,0,255,255,255,255,11,3,0,0,THERMOKING,NULL,NA,2,2,80,1,0
325,ZGRUx07x00x8ex00x13x00xff,Madurador,1,"Sin Informacion","2024-01-28 08:32:14","2024-01-28 08:32:14",1,1,4540,20,-11.9803,-77.1226,"2024-01-28 08:32:14",19,-3277,20.7,20.2,39.7,65.9,-3276.9,26.3,0,0,0,0,90,0,3276.6,3276.6,470,60,5.1,5,4.9,25.4,3276.6,30,7,0,1121.4,464.3,0,3276.6,3276.6,19,20.7,37.2,0,0.93,3.45,0,13,1,13,1,90,0,32766,3276.6,3276.6,3276.6,18,6,0,0,255,255,255,255,0,3,0,0,THERMOKING,NULL,NA,2,2,100,0,0
326,xfex00RU6210620,Madurador,1,"Sin Informacion","2024-01-28 17:33:55","2024-01-28 17:33:55",1,1,4542,2.56,-11.9803,-77.1226,"2024-01-28 17:34:33",19,-3277,20.7,20.4,40.4,69,-3276.9,30.2,-0,-0,0,-1.02198e31,89,0,3276.6,3276.6,471,60,5.2,5.1,5,25.4,3276.6,30,15,0,1139.4,482.2,0,3276.6,3276.6,19,20.7,46.27,0,0.96,3.36,128,0,0,0,0,0,0,0,3276.6,2585.6,713.1,652.84,255,0,0,255,255,255,255,119.2,3,0,0,THERMOKING,NULL,NA,2,2,100,0,0
327,ZGRU6210x01x00x07,Madurador,1,"Sin Informacion","2024-01-29 01:17:17","2024-01-29 01:17:17",1,1,4543,20,-11.9803,-77.1226,"2024-01-29 01:17:59",19,-3277,20,20.1,39.9,66.8,-3276.9,24,0,-1.58645e29,0,-38.5,90,0,3276.6,3276.6,453,60,8,7.4,7.6,25.4,3276.6,60,9,0,1160.9,503.8,0,3276.6,3276.6,19,20,37.31,0,2.67,3.33,0,16,1,16,1,90,0,32766,3276.6,3276.6,3276.6,18,6,0,0,255,255,255,255,42.9,3,0,0,THERMOKING,NULL,NA,2,2,100,0,0
328,x0bx00x0fx00x00x0010620,Madurador,1,"Sin Informacion","2024-01-29 01:19:25","2024-01-29 01:19:25",1,1,4544,20,-11.9803,-77.1226,"2024-01-29 01:20:05",19,-3277,20,20.1,40,66.9,-3276.9,24,0,-1.58645e29,0,-38.5,90,0,3276.6,3276.6,463,60,5.7,5.7,5.8,25.4,3276.6,60,9,0,1161,503.9,0,3276.6,3276.6,19,20,37.31,0,1.93,3.33,0,16,1,16,1,90,0,32766,3276.6,3276.6,3276.6,18,6,0,0,255,255,255,255,42.7,3,0,0,THERMOKING,NULL,NA,2,2,100,0,0
329,ZGRU5169758,Madurador,1,"NESTLE CENTRAL","2024-02-01 13:59:27","2024-02-03 12:29:10",1,1,4545,-18,-12.1732,-76.9929,"2024-07-10 15:36:01",-10.4,-3277,-7.8,-11.2,30.4,37.9,-3277,17.1,-38.5,-38.5,-38.5,-38.5,97,32766,3276.6,3276.6,463,60,10.3,10.5,10.3,25.4,3276.6,30,100,0,51019.7,316.8,0,3276.6,3276.6,6543.2,6545.8,29,0,6.64,2.2,0,100,1,1,0,254,0,32766,3276.6,3276.6,3276.6,18,6,0,0,255,255,255,255,0,0,0,0,THERMOKING,NULL,NA,2,2,0,0,0
330,ZGRU1012750,Madurador,1,"NESTLE CENTRAL","2024-02-01 14:55:59","2024-02-07 14:12:00",1,1,4546,-23,-11.9803,-77.1226,"2024-06-14 11:20:37",20.4,-3277,20.7,21.1,21.4,37.4,-3277,21.6,0,0,0,0,73,32766,3276.6,3276.6,463,60,2.2,2.3,2.6,25.4,3276.6,0,0,0,56487.6,1,0,3276.6,3276.6,20.4,20.7,24.22,0.1,0.01,0.06,0,53,0,0,0,254,0,32766,3276.6,3276.6,3276.6,18,6,0,0,255,255,255,255,0,0,0,0,THERMOKING,NULL,NA,2,2,0,0,0
331,ZGRU7502153,Madurador,1,"PACHAMAMA FARMS","2024-02-02 17:10:20","2024-04-04 10:14:01",1,1,4547,-2.52,-11.9803,-77.1226,"2024-06-16 02:08:18",20.1,-25.2,20.8,25.7,-4249.5,-51.2,-38.5,-38.5,-38.5,217.5,154.3,0,65535,65535,3276.6,3276.6,65535,32760,0.1,0,0,25.5,3276.7,0,0,0,16581.1,782.2,0,3276.6,3276.6,20.1,20.8,26.54,0,0.01,0.33,210,255,0,0,1,90,0,32766,3276.6,3276.6,3276.6,18,6,0,0,255,255,255,255,0,3,0,23,THERMOKING,NULL,NA,2,2,100,0,0
332,LOSU1333070,Madurador,1,"Sin Informacion","2024-02-02 18:04:36","2024-02-02 18:04:36",1,1,4548,-20,-11.9803,-77.1226,"2024-02-02 18:07:40",15.8,-3277,26.1,23.5,43.1,61.5,-3276.9,27.4,0,-38.5,-38.5,-38.5,15231,65024,6502.4,6515.1,52607,15361,3097.6,3020.8,2944,25.4,6515.1,7807,25600,0,3225.7,0,0,6502.4,6515.1,4057.5,128,238.09,133.23,12.8,642.59,0,90,1,1,0,254,0,32766,3276.6,3276.6,3276.6,18,6,0,0,255,255,255,255,0,3,0,0,THERMOKING,NULL,NA,2,2,0,0,0
333,ZGRU8701185,Madurador,1,"NESTLE CENTRAL","2024-02-03 09:26:00","2024-02-07 14:12:16",1,1,4549,-20,-11.9803,-77.1226,"2024-07-04 13:44:43",16.1,-3277,19.8,17.9,29.1,29.7,-3276.9,20.5,0,0,0,0,87,32766,3276.6,3276.6,459,60,10.1,10.6,9.4,25.4,3276.6,30,100,0,1390.1,0.1,0,3276.6,3276.6,16.1,19.8,22.67,0.44,6.73,6,0,100,1,1,0,254,0,32766,3276.6,3276.6,3276.6,18,6,0,0,255,255,255,255,0,3,0,0,THERMOKING,NULL,NA,2,2,0,0,0
334,LOSU1333080,Madurador,1,"Sin Informacion","2024-02-10 10:02:45","2024-02-10 10:02:45",1,1,4550,-20,-11.9803,-77.1226,"2024-02-10 10:04:04",26.2,-3277,27.7,27.5,28.6,32.3,-3276.9,26.5,0,0,0,0,97,32766,3276.6,3276.6,465,59,8.9,7.9,9,25.4,3276.6,30,100,0,8.6,0,0,3276.6,3276.6,26.2,27.7,26.59,0.52,5.7,2.3,0,99,1,1,0,254,0,32766,3276.6,3276.6,3276.6,18,6,0,0,255,255,255,255,0,3,0,0,THERMOKING,NULL,NA,2,2,0,0,0
335,ZGRU4727037,Madurador,1,"REDONDOS HUACHO","2024-02-10 10:04:44","2024-02-23 17:50:30",1,1,4551,-5,-11.9803,-77.1226,"2024-07-19 15:25:26",3.8,-3277,7.6,3.4,27.3,39.9,-3276.9,22.6,23.7,-38.5,-38.5,-38.5,32766,32766,3276.6,3276.6,464,60,5,5.1,5.1,25.4,3276.6,0,0,0,16646.5,16637.9,0,3276.6,3276.6,6548.6,6551.7,33.58,0,4.07,4.33,0,50,1,1,0,254,0,32766,3276.6,3276.6,3276.6,18,6,0,0,255,255,255,255,0,3,0,0,THERMOKING,NULL,NA,2,2,0,0,0
336,LOSU1333060,Madurador,1,"Sin Informacion","2024-02-10 11:30:38","2024-02-10 11:30:38",1,1,4552,-5,-11.9803,-77.1226,"2024-02-10 11:33:23",27.8,-3277,0,0,-5555.1,-5631.9,-25.5,0,0,-38.5,-38.5,-38.5,20351,65024,6502.4,6515.1,52863,15617,1152,1177.6,1177.6,NULL,6515.1,127,0,0,2329.7,0,0,6502.4,6515.1,575.9,691.3,2.83,28.98,0.52,0.73,0,67,1,1,0,254,0,32766,3276.6,3276.6,3276.6,18,6,0,0,255,255,255,255,0,3,0,0,THERMOKING,NULL,NA,2,2,0,0,0
337,ZGRU5161551,Madurador,1,"REDONDOS HUACHO","2024-02-10 11:36:44","2024-02-23 17:50:51",1,1,4553,-4,-11.9803,-77.1226,"2024-07-19 15:25:36",3.4,-3277,7.5,7.9,51.2,74.3,-3276.9,28.8,28.3,-38.5,-38.5,-38.5,87,32766,3276.6,3276.6,458,60,14.5,14.7,13.8,25.4,3276.6,60,100,0,18815.8,18806.7,0,3276.6,3276.6,3.4,7.5,34.29,0,9.32,4.9,0,100,1,1,0,254,0,32766,3276.6,3276.6,3276.6,18,6,0,0,255,255,255,255,0,3,0,0,THERMOKING,NULL,NA,2,2,0,0,0
338,xffGRU6915730,Madurador,1,"Sin Informacion","2024-02-13 18:27:09","2024-02-13 18:27:09",1,1,4554,18,-11.9803,-77.1226,"2024-03-22 02:16:54",18,180,0.6,-25.6,-0.1,-1894.5,-14.9,23.8,105.1,-0.1,180,0.6,65280,65535,6502.4,6515.1,65284,255,9.2,9,10,25.4,3276.6,60,6939,0,8715700,2504060,0,6502.4,6515.1,4620.7,4710.4,40.96,0,176.64,115.22,0,28,1,1,193,67,7,6,6528,6553.5,1382.3,69.87,4,255,255,0,255,255,255,57.5,3,0,-17557,THERMOKING,NULL,NA,2,2,-1,0,0
339,xfaGRU6915730,Madurador,1,"Sin Informacion","2024-02-13 18:50:22","2024-02-13 18:50:22",1,1,4555,18,-11.9803,-77.1226,"2024-02-13 18:56:10",0,-2.4,3.5,0,0.6,-25.6,-0.1,-0.1,-25.2,-25.2,127.9,127.9,45054,33062,3276.7,2509.1,47487,0,486.5,0,3020.8,NULL,512.1,65407,42623,0,429497000,45914500,0,3276.7,2509.1,105.1,6553.5,0.19,0,0.01,2.76,0,98,1,1,8,255,255,65535,4470.1,105.1,6553.5,655.35,4,255,4,254,175,38,129,0,3,0,3839,THERMOKING,NULL,NA,2,2,-1,0,0
340,ZxffRU6915730,Madurador,1,"Sin Informacion","2024-02-13 18:58:50","2024-02-13 18:58:50",1,1,4556,18,-11.9803,-77.1226,"2024-02-13 19:11:41",-38.5,-38.5,-38.5,-38.5,16.5,16.1,0,20.6,6,10,115.6,0.7,4865,0,3276.7,2509.1,47615,0,486.5,0,3020.8,NULL,512.1,65407,42623,0,429497000,45914500,0,3276.7,2509.1,105.1,6553.5,0.19,0,0.01,2.76,0,227,0,0,255,255,255,44458,105.1,6553.5,4479.5,338.19,4,255,4,254,175,38,129,0,3,0,3839,THERMOKING,NULL,NA,2,2,-1,0,0
341,ZGRU69xff5730,Madurador,1,"Sin Informacion","2024-02-13 19:20:18","2024-02-13 19:20:18",1,1,4557,0.35,-11.9803,-77.1226,"2024-02-13 19:28:45",0,-3277,0,-25.6,6,-204.8,11.5,6,10,0,7.1,0.4,65403,55423,3276.7,2509.1,0,47104,512.3,6502.5,6540.7,NULL,4703.1,64383,7072,0,429497000,45914500,0,3276.7,2509.1,105.1,6553.5,0.19,0,0.01,2.76,0,1,0,0,255,255,255,44020,6345.1,6553.5,0,197.12,177,4,0,123,255,127,216,0,3,0,-1,THERMOKING,NULL,NA,2,2,6,0,0
342,ZGRU69xfd5730,Madurador,1,"Sin Informacion","2024-02-13 19:38:33","2024-02-13 19:38:33",1,1,4558,18,-11.9803,-77.1226,"2024-02-13 20:20:11",20.3,-0.2,4.8,-0.1,5.9,0,-3277,-0.1,5.4,0,120.1,0.4,64933,0,3276.7,2509.1,65201,65407,4723.1,692,6528.4,NULL,127.9,64383,7072,0,429497000,45914500,0,3276.7,2509.1,105.1,6553.5,0.19,0,0.01,2.76,35,6,0,0,255,255,255,44701,6545.3,6553.5,5.4,307.2,177,4,0,165,253,0,0,0,3,0,32766,THERMOKING,NULL,NA,2,2,59,0,0
343,ZGRU691xf5730,Madurador,1,"Sin Informacion","2024-02-13 22:29:15","2024-02-13 22:29:15",1,1,4559,18,-11.9803,-77.1226,"2024-02-13 22:39:47",18,-3277,-38.5,6.5,6.6,0,-3277,-0.2,100.4,0,120.2,120.2,29184,254,3276.7,2509.1,32704,32767,5060.8,105.1,6553.5,NULL,6553.1,64383,7072,0,429497000,45914500,0,3276.7,2509.1,105.1,6553.5,0.19,0,0.01,2.76,0,60,0,0,255,255,255,41942,105.1,6553.5,0.3,158.72,178,4,0,108,254,0,0,0,3,0,-23112,THERMOKING,NULL,NA,2,2,-1,0,0
344,ZGRU8735040,Madurador,1,"RANSA LOTE 88","2024-02-15 10:05:38","2024-03-19 16:40:09",45,1,4560,-22,-11.8377,-72.9499,"2024-04-30 14:07:48",-21.8,-3277,-17.7,-17.1,41.5,65.8,-3276.9,34.1,-17.5,-17.2,-25.7,-38.5,64,32766,3276.6,3276.6,454,60,10.3,10.5,10.4,25.4,3276.6,30,100,0,34481,3906.1,0,3276.6,3276.6,6531.8,6535.9,43,0,6.54,2.15,0,100,1,1,0,254,0,32766,3276.6,3276.6,3276.6,18,6,0,0,255,255,255,255,0,3,0,0,THERMOKING,NULL,NA,2,2,0,0,0
345,Zxc7RU6915730,Madurador,1,"Sin Informacion","2024-02-15 19:37:51","2024-02-15 19:37:51",1,1,4561,2.56,-11.9803,-77.1226,"2024-02-15 20:11:19",-25.8,-38.5,-38.5,-38.5,-5081.7,0,-51.2,-0.1,-38.5,20.6,3,0,19456,1207,25.5,0,32767,64701,5726.3,25.4,3968,0.6,537.7,65407,20863,0,426154000,321284000,0,25.5,0,0,0,0,0,0,0,128,0,0,0,255,255,255,56181,6552.7,6553.5,5299.1,76.8,0,87,0,0,0,195,204,0,3,0,-9355,THERMOKING,NULL,NA,2,2,NULL,0,0
346,ZGRU6xf915730,Madurador,1,"Sin Informacion","2024-02-15 20:12:48","2024-02-15 20:12:48",1,1,4562,18,-11.9803,-77.1226,"2024-02-16 23:52:56",-38.5,-38.5,-38.5,6.7,0,-51.2,-0.1,0,0,120.9,120.9,26.1,261,5376,25.5,0,32767,62055,105.1,6553.5,53.6,53.2,51,1279,65535,0,8388610,8388610,0,25.5,0,0,0,0,0,0,0,0,43,1,1,255,255,255,34161,105.1,6553.5,0,475.46,4,0,232,5,1,0,21,0,3,0,7045,THERMOKING,NULL,NA,2,2,-1,0,0
347,ZGRU69xf95730,Madurador,1,"Sin Informacion","2024-02-15 20:32:13","2024-02-15 20:32:13",1,1,4563,18,-11.9803,-77.1226,"2024-02-17 00:06:33",-38.5,-3277,-38.5,6.8,0,-3277,-0.2,7.2,0,120.9,0.4,151.7,1,26007,25.5,0,65407,22399,692.8,6528.4,76.7,53.2,51,1279,65535,0,8388610,8388610,0,25.5,0,0,0,0,0,0,0,254,6,0,0,255,255,255,65133,6553.5,0.3,4889.6,12.09,0,237,5,1,0,151,101,0,3,0,-403,THERMOKING,NULL,NA,2,2,NULL,0,0
348,ZGRU69xb15730,Madurador,1,"Sin Informacion","2024-02-15 21:25:39","2024-02-15 21:25:39",1,1,4564,18,-11.9803,-77.1226,"2024-02-15 22:49:46",19,-3277,25.6,24.1,-10.4,0,-3277,-0.1,41.6,5.2,5.9,5.7,67,65534,25.5,0,32766,32766,19,25.6,1.8,0,19.7,65535,65535,0,426154000,321284000,0,25.5,0,0,0,0,0,0,0,254,6,0,0,255,255,255,46948,6453.9,4108.7,1331.3,151.04,0,57,0,67,0,254,255,0,3,0,7090,THERMOKING,NULL,NA,2,2,80,0,0
349,ZGRU691573xff,Madurador,1,"Sin Informacion","2024-02-15 22:58:32","2024-02-15 22:58:32",1,1,4565,18,-11.9803,-77.1226,"2024-02-17 02:03:59",-8.6,180,4.8,-8,-0.1,-1966.2,105.1,-0.1,5,-25.8,120.9,26.2,262,30464,25.5,0,65151,65407,1907.1,701.5,6528.4,2,6553.5,5375,65535,0,8388610,8388610,0,25.5,0,0,0,0,0,0,0,254,6,0,0,255,255,255,7091,6528.4,6553.5,6507.6,476.14,4,0,33,6,1,0,119,0,3,0,1051,THERMOKING,NULL,NA,2,2,-1,0,0
350,ZGRxff6915730,Madurador,1,"Sin Informacion","2024-02-16 06:54:18","2024-02-16 06:54:18",1,1,4566,18,-11.9803,-77.1226,"2024-02-16 22:48:53",-38.5,154.3,-38.5,-0.1,-0.1,-3005.4,105.1,25.5,-0.1,120.9,147.5,0.1,21050,133,25.5,0,170,49390,3276.7,6137.1,6553.1,NULL,6553.5,1279,65535,0,8388610,8388610,0,25.5,0,0,0,0,0,0,0,0,46,1,1,253,255,255,39679,705,6528.4,2815.9,499.68,5,1,0,58,82,133,0,0,3,0,7050,THERMOKING,NULL,NA,2,2,-1,0,0
351,ZGRU69157xb30,Madurador,1,"Sin Informacion","2024-02-16 07:10:34","2024-02-16 07:10:34",1,1,4567,15.43,-11.9803,-77.1226,"2024-02-16 07:12:03",19,-3277,-38.5,-25.6,8,0,-3277,25.5,41,5.2,-17.6,7.1,1145,1,25.5,0,32766,32766,19,6553.3,4851.1,NULL,5606.8,31743,1051,0,426154000,321284000,0,25.5,0,0,0,0,0,0,0,192,27,1,1,255,255,202,6980,127.9,6553.5,1920,12.08,0,121,4,1,0,113,117,0,3,0,6980,THERMOKING,NULL,NA,2,2,-1,0,0
352,ZGRU691573xfc,Madurador,1,"Sin Informacion","2024-02-16 07:55:48","2024-02-16 07:55:48",1,1,4568,15.43,-11.9803,-77.1226,"2024-02-16 08:02:35",0,0,-6.4,-0.1,-0.1,-51.3,-5855.3,-0.1,0,9.5,0.4,26,59648,33920,25.5,0,48767,56832,6540.7,3238.3,5619,NULL,6553.5,5120,1279,0,426154000,321284000,0,25.5,0,0,0,0,0,0,0,127,0,1,1,255,255,253,6983,125.2,51.1,5.2,0.56,133,4,1,0,233,128,132,0,3,0,7165,THERMOKING,NULL,NA,2,2,NULL,0,0
353,ZGRU8714198,Madurador,1,"RANSA LOTE 88","2024-02-16 09:03:44","2024-02-23 17:51:14",1,1,4569,-22,-11.9803,-77.1226,"2024-03-06 09:41:40",-20.6,-3277,-21.2,-20.3,29.9,59.3,-3276.9,26.2,0,-38.5,-17.4,-19.8,86,32766,3276.6,3276.6,465,60,2.4,2.5,2.5,25.4,3276.6,60,0,0,25139.5,2016.9,0,3276.6,3276.6,6533,6532.4,34.1,0,1.65,4.42,0,100,1,1,0,254,0,32766,3276.6,3276.6,3276.6,18,4,0,0,255,255,255,255,0,3,0,0,THERMOKING,NULL,NA,2,2,0,0,0
354,ZGRxd56915730,Madurador,1,"Sin Informacion","2024-02-16 10:09:02","2024-02-16 10:09:02",1,1,4570,20,-11.9803,-77.1226,"2024-02-16 10:48:24",-38.5,-3277,-38.5,8.1,0,-3277,-3277,-0.1,-22.6,2.1,0,0,4,1199,25.5,0,132,65534,5756.7,27.6,3276.6,NULL,3265.6,1051,65535,0,426154000,321284000,0,25.5,0,0,0,0,0,0,0,0,241,0,0,255,255,255,42239,697.8,6528.4,563.1,0,0,129,184,4,0,175,4,0,3,0,32766,THERMOKING,NULL,NA,2,2,81,0,0
355,ZGRxf56915730,Madurador,1,"Sin Informacion","2024-02-16 10:50:26","2024-02-16 10:50:26",1,1,4571,20,-11.9803,-77.1226,"2024-02-16 10:50:26",19,-38.5,0,21.6,0,-51.2,-38.5,-0.1,-22.6,-6.4,0,0,0,8704,25.5,0,65151,48767,5632,6553.4,40.7,51,3276.7,27835,1051,0,426154000,321284000,0,25.5,0,0,0,0,0,0,0,0,18,1,1,255,255,255,18429,105.1,6553.5,4920.4,655.35,71,0,176,4,1,0,34,0,3,0,32766,THERMOKING,NULL,NA,2,2,81,0,0
356,ZGRU69157xfb0,Madurador,1,"Sin Informacion","2024-02-16 10:52:02","2024-02-16 10:52:02",1,1,4572,21.75,-11.9803,-77.1226,"2024-02-16 21:05:58",17,-3277,-38.5,-25.6,0,-51.2,-38.5,-0.1,3,9.5,0,153.4,1,14671,25.5,0,32766,170,24,1.9,6540.8,NULL,5727.1,1279,65535,0,8388610,8388610,0,25.5,0,0,0,0,0,0,0,127,7,0,0,255,255,255,59903,105.1,51.1,5,1.09,109,254,5,1,0,79,57,0,3,0,-512,THERMOKING,NULL,NA,2,2,80,0,0
357,ZGRU69157xff0,Madurador,1,"Sin Informacion","2024-02-16 11:35:01","2024-02-16 11:35:01",1,1,4573,20,-11.9803,-77.1226,"2024-02-16 14:41:49",-25.6,-3277,1.8,-12.9,180,0.6,-25.6,-0.1,-0.1,-0.1,-25.2,-0.1,65535,1279,25.5,0,4608,34014,6502.4,6515.1,4876.7,2.1,5580.8,0,32640,0,6888210,429497000,0,25.5,0,0,0,0,0,0,0,0,254,1,1,8,7,6,0,6553.5,6553.5,1842.9,10.51,255,255,255,255,255,255,4,0,3,0,-17,THERMOKING,NULL,NA,2,2,80,0,0
358,ZGRU691573xf8,Madurador,1,"Sin Informacion","2024-02-16 14:42:50","2024-02-16 14:42:50",1,1,4574,18,-11.9803,-77.1226,"2024-02-17 02:47:08",-38.5,217.5,-25.6,6.9,-0.1,-0.1,-5837,10.2,-0.1,120.9,120.9,26.2,38144,511,25.5,0,14442,1051,6553.5,701.5,6528.4,NULL,6553.5,5375,65535,0,8388610,8388610,0,25.5,0,0,0,0,0,0,0,0,7,0,0,255,255,255,13055,709.1,6528.4,4761.5,0.04,40,6,1,0,149,255,1,0,3,0,-257,THERMOKING,NULL,NA,2,2,80,0,0
359,ZGRxfd6915730,Madurador,1,"Sin Informacion","2024-02-16 19:13:34","2024-02-16 19:13:34",1,1,4575,18,-11.9803,-77.1226,"2024-02-16 19:34:44",17,-3278.1,23.2,6.6,0,-3277,-3277,0,-7.6,204.7,25.5,26.1,43008,34083,25.5,0,43647,55295,6527.3,6540.7,1523.1,NULL,691.6,7167,65284,0,8388610,8388610,0,25.5,0,0,0,0,0,0,0,254,6,0,0,255,255,255,45061,105.1,4633.5,3865.5,0.71,95,5,1,0,168,35,133,0,3,0,-32728,THERMOKING,NULL,NA,2,2,-1,0,0
360,ZGRUxfe915730,Madurador,1,"Sin Informacion","2024-02-16 19:44:52","2024-02-16 19:44:52",1,1,4576,15.43,-11.9803,-77.1226,"2024-02-16 20:08:45",-38.5,-38.5,-38.5,23.8,0,-51.2,-38.5,39.7,-3.1,9.9,10,26.1,62208,34090,25.5,0,43647,65280,6553.5,6540.7,1702.3,NULL,691.6,7167,65284,0,8388610,8388610,0,25.5,0,0,0,0,0,0,0,0,0,1,1,255,107,182,1051,6553.5,5776.2,5324.7,0.71,109,5,1,0,243,42,133,0,3,0,-20475,THERMOKING,NULL,NA,2,2,-1,0,0
361,ZGRU69xf15730,Madurador,1,"Sin Informacion","2024-02-16 22:57:29","2024-02-16 22:57:29",1,1,4577,18,-11.9803,-77.1226,"2024-02-16 23:31:21",17,180,4.5,-38.5,-4249.5,-2873.3,105.1,-0.1,0,0,120.9,0.4,261,24320,25.5,0,65151,43647,6067.2,460.8,6528,NULL,6553.5,1279,65535,0,8388610,8388610,0,25.5,0,0,0,0,0,0,0,0,45,0,0,255,255,255,36803,105.1,6553.5,39.5,0.5,110,0,254,5,1,0,95,0,3,0,7055,THERMOKING,NULL,NA,2,2,260,0,0
362,ZGRU691573xb0,Madurador,1,"Sin Informacion","2024-02-17 00:08:36","2024-02-17 00:08:36",1,1,4579,-2.58,-11.9803,-77.1226,"2024-02-19 13:20:24",17,-25.8,-38.5,8.2,0,-51.2,-38.5,3.3,5.2,-6.5,-3.2,22.8,2816,1,0,0,32766,32766,17,6162.9,6514.7,53.2,6540.7,7133,65284,0,429497000,0,0,0,0,0,0,0,0,0,0,170,127,1,1,0,0,0,32766,3276.6,41.7,5.2,574.06,255,228,0,0,11,1,0,49.7,3,0,28159,THERMOKING,NULL,NA,2,2,80,0,0
363,ZGRU691573xfe,Madurador,1,"Sin Informacion","2024-02-17 05:48:40","2024-02-17 05:48:40",1,1,4580,21.75,-11.9803,-77.1226,"2024-02-19 08:30:59",17,-3277,19.4,8.1,-819.2,-3276.9,6,3.3,0,6.2,0.4,267.4,1,65362,0,0,32767,35189,105.1,6553.5,6436.7,0.3,6553.5,0,0,0,0,0,0,0,0,0,0,0,0,0,0,127,7,0,0,255,255,255,23295,703.9,25.2,1766.4,12.14,0,114,10,1,0,82,255,73.5,3,0,15487,THERMOKING,NULL,NA,2,2,80,0,0
364,ZGRU691573x00,Madurador,1,"Sin Informacion","2024-02-19 07:07:23","2024-02-19 07:07:23",1,1,4581,18,-11.9803,-77.1226,"2024-02-19 08:10:25",17,-3277,19.5,-0.1,0,-3277,-3277,-0.1,5.2,6.1,6.1,0.1,47296,34933,0,0,43647,49920,435.2,0,6553.5,NULL,22.7,0,0,0,0,0,0,0,0,0,0,0,0,0,0,0,31,1,1,255,255,109,7036,6528.4,6553.5,1843,232.96,10,1,0,165,115,136,0,85.3,3,0,-257,THERMOKING,NULL,NA,2,2,NULL,0,0
365,ZGRU691573xf0,Madurador,1,"Sin Informacion","2024-02-19 10:31:54","2024-02-19 10:31:54",1,1,4582,18,-11.9803,-77.1226,"2024-02-19 11:24:05",-38.5,-38.5,-38.5,19.6,0,-51.2,-38.5,-0.1,5.1,7.5,0,7.3,1214,46080,0,0,34975,65024,499.1,6502.5,6540.7,23.7,21.1,65284,65535,0,0,0,0,0,0,0,0,0,0,0,0,254,6,0,0,255,255,255,32602,105.1,6553.5,6.3,0.51,0,0,134,190,4,0,180,57.7,3,0,7039,THERMOKING,NULL,NA,2,2,NULL,0,0
366,LOSU1114100,Madurador,1,"Sin Informacion","2024-02-21 11:24:54","2024-02-21 11:24:54",1,1,4583,0,-11.9803,-77.1226,"2024-02-21 11:32:30",NULL,0,NULL,NULL,0,0,0,NULL,0,0,0,0,NULL,0,0,0,0,0,0,0,0,0,0,0,0,0,0,0,0,0,0,0,0,0,0,0,0,0,0,0,0,0,0,0,0,0,0,0,0,0,0,0,0,0,0,0,0,0,0,0,THERMOKING,NULL,NA,2,2,0,0,0
367,ZGRU8737338,Madurador,1,ReyAvocado,"2024-02-21 11:38:59","2024-02-21 12:37:37",42,1,4584,2.22,33.148,-117.236,"2024-07-18 23:24:58",2.2,-3277,5.8,5.3,39.7,65.5,-3276.9,20.9,21.3,-38.5,-38.5,-38.5,75,32766,3276.6,3276.6,479,60,8.3,9.7,8.4,25.4,3276.6,60,28,0,3423.8,545,0,3276.6,3276.6,2.2,5.8,32.03,0,2.67,3.14,0,53,1,1,0,0,0,32766,3276.6,3276.6,3276.6,18,6,0,0,255,255,255,255,0,0,0,0,THERMOKING,NULL,NA,2,2,0,0,0
368,ZGRU7551406,Madurador,1,"MAKRO Santa Anita","2024-02-21 11:46:14","2024-04-01 15:21:33",47,1,4585,-20,-12.0548,-76.9678,"2024-07-19 15:25:17",-20.7,-3277,-19.5,-19.6,23.7,47.2,-3276.9,19,0,-38.5,-38.5,-38.5,86,32766,3276.6,3276.6,439,60,8.6,8.4,8.6,25.4,3276.6,30,100,0,18911.6,8419.8,0,3276.6,3276.6,6532.9,6534.1,27.64,0,5.31,2.7,0,100,1,1,0,254,0,32766,3276.6,3276.6,3276.6,18,6,0,0,255,255,255,255,0,0,0,0,THERMOKING,NULL,NA,2,2,0,0,0
369,ZGRU8731880,Madurador,1,ReyAvocado,"2024-02-21 11:48:50","2024-02-21 12:37:08",42,1,4586,2.22,33.148,-117.236,"2024-07-01 15:40:24",27.1,-3277,27.9,27.8,30.2,29.9,-3276.9,29.7,25.7,-38.5,-38.5,-38.5,32766,32766,3276.6,3276.6,472,60,13.1,13.4,12.2,25.4,3276.6,0,0,0,3215.4,2252.7,0,3276.6,3276.6,27.1,27.9,36.03,0,0.01,1.14,0,98,0,1,0,0,0,32766,3276.6,3276.6,3276.6,18,6,0,0,255,255,255,255,0,0,0,0,THERMOKING,NULL,NA,2,2,0,0,0
370,ZGRU6853621,Madurador,1,"GREAT WEST","2024-02-23 20:33:42","2024-02-26 17:35:14",43,1,4587,0,33.9988,-118.158,"2024-05-20 08:59:19",-0.2,-3277,1.3,1.7,34.5,73.6,-3276.9,17.7,23.8,-38.5,-38.5,-38.5,80,32766,3276.6,3276.6,481,60,5.1,5.1,5,25.4,3276.6,30,0,0,3424.9,469.1,0,3276.6,3276.6,0,1.3,28.93,0,0.97,1.94,0,12,1,1,0,254,0,32766,3276.6,3276.6,3276.6,10,6,0,0,255,255,255,255,0,0,0,0,THERMOKING,NULL,NA,2,2,0,0,0
371,ZGRU5172768,Madurador,1,"GREAT WEST","2024-02-23 22:34:22","2024-02-26 17:34:53",43,1,4588,0,33.9988,-118.158,"2024-05-20 09:00:01",0,-3277,1.7,1.7,35.7,73.1,-3276.9,17.4,23.8,-38.5,-38.5,-38.5,81,32766,3276.6,3276.6,480,60,5.3,5.3,5.2,25.4,3276.6,30,0,0,6209.8,6202.6,0,3276.6,3276.6,0,1.7,28.89,0,1,2.25,0,18,1,1,0,254,0,32766,3276.6,3276.6,3276.6,10,6,0,0,255,255,255,255,0,0,0,0,THERMOKING,NULL,NA,2,2,0,0,0
372,ZGRU8750854,Madurador,1,"GREAT WEST","2024-02-24 09:30:43","2024-02-26 17:34:39",43,1,4589,0,33.9988,-118.158,"2024-05-20 08:51:25",0,-3277,2.1,2,39.7,71.7,-3276.9,17,18.5,-38.5,-38.5,-38.5,80,32766,3276.6,3276.6,475,60,7.1,8.8,4.9,25.4,3276.6,30,5,0,6378.8,4873.4,0,3276.6,3276.6,0,2.1,28.36,0,2.9,2.35,0,17,1,1,0,254,0,32766,3276.6,3276.6,3276.6,18,6,0,0,255,255,255,255,0,0,0,0,THERMOKING,NULL,NA,2,2,0,0,0
373,ZGRU0313164,Madurador,1,"Sin Informacion","2024-02-24 12:46:38","2024-02-24 12:46:38",1,1,4590,-22,-11.9803,-77.1226,"2024-02-24 12:48:08",21.2,-3277,25.2,24.5,28.5,39.9,-3276.9,25,0,0,0,0,97,32766,3276.6,3276.6,462,59,11.2,11.2,11.1,25.4,3276.6,30,100,0,9088.3,0.1,0,3276.6,3276.6,21.2,25.2,32.28,0.38,7.34,5.14,0,100,1,1,0,254,0,32766,3276.6,3276.6,3276.6,18,6,0,0,255,255,255,255,0,3,0,0,THERMOKING,NULL,NA,2,2,0,0,0
374,ZGRU8711748,Madurador,1,"NESTLE CENTRAL","2024-02-24 12:48:56","2024-04-04 09:59:07",1,1,4591,-2.52,-11.9803,-77.1226,"2024-06-14 14:00:59",21.3,-25.2,25.5,25.9,-51.2,-51.2,-38.5,-38.5,-38.5,217.5,154.3,0,65535,65535,3276.6,3276.6,65535,60,9.5,9.1,9.2,25.4,3276.6,30,100,0,23492.9,14404.7,0,3276.6,3276.6,21.3,22,22.63,0.23,6.03,5.4,210,255,1,1,0,254,0,32766,3276.6,3276.6,3276.6,18,6,0,0,255,255,255,255,0,3,0,0,THERMOKING,NULL,NA,2,2,0,0,0
375,ZGRU4853692,Madurador,1,MADURADOR-2,"2024-02-27 15:46:00","2024-04-09 11:48:05",40,1,4592,16,-11.9803,-77.1226,"2024-04-12 14:07:07",31.4,-3277,29.3,27.1,34,37.7,-3276.9,35.1,0,-38.5,-38.5,-38.5,32766,0,3276.6,3276.6,430,60,8.2,12.9,8,25.4,3276.6,0,0,0,27259,22627.3,0,3276.6,3276.6,31.4,29.3,43.68,0,0.01,4.6,1,37,0,0,1,95,2,32766,3276.6,3276.6,3.5,18,6,0,0,255,255,255,255,320,3,0,0,THERMOKING,NULL,NA,2,2,80,0,0
376,ZGRU5524177,Madurador,1,"Sin Informacion","2024-03-01 17:50:23","2024-03-01 17:50:23",1,1,4593,20.6,-11.9803,-77.1226,"2024-04-16 12:49:15",25.4,-3277,23.8,23.3,45.1,64.4,-3276.9,26,0,0,0,0,87,0,3276.6,3276.6,461,60,3.2,3.1,3.2,25.4,3276.6,60,100,0,62144.1,5.5,0,3276.6,3276.6,25.4,23.8,28.25,0.09,1.96,0.03,0,1,0,0,1,95,2,32766,3276.6,3276.6,0.3,18,6,0,0,255,255,255,255,0,5,0,7,THERMOKING,NULL,NA,2,2,40,0,0
377,ZGRU8714126,Madurador,1,"Sin Informacion","2024-03-05 00:32:34","2024-03-05 00:32:34",1,1,4594,-22,-11.9803,-77.1226,"2024-03-05 00:32:34",-25.1,-3277,0,-21.8,32.7,72.6,-3276.9,23,0,0,-17.2,-24.1,89,32766,3276.6,3276.6,464,60,11.3,11.4,11,25.4,3276.6,60,100,0,24972.5,1849.9,0,3276.6,3276.6,6528.5,6531,31.93,0,7.39,4.37,0,100,1,1,0,254,0,32766,3276.6,3276.6,3276.6,18,4,0,0,255,255,255,255,0,3,0,0,THERMOKING,NULL,NA,2,2,0,0,0
378,LOSU1333200,Madurador,1,"Sin Informacion","2024-03-06 17:36:59","2024-03-06 17:36:59",1,1,4595,30,-11.9803,-77.1226,"2024-03-06 17:41:54",31.4,-3277,31.3,30.9,30.4,42.4,-3276.9,28.2,0,0,0,0,53,32766,3276.6,3276.6,464,60,0,0,0,25.4,3276.6,0,0,0,7.9,0,0,3276.6,3276.6,31.4,31.3,28.86,0.52,0.01,0,0,37,1,1,1,50,0,32766,3276.6,3276.6,3276.6,18,6,0,0,255,255,255,255,0,3,0,0,THERMOKING,NULL,NA,2,2,0,0,0
379,ZGRU8700471,Madurador,1,TALSA,"2024-03-06 17:42:44","2024-05-22 17:36:34",46,1,4596,5.7,-11.9803,-77.1226,"2024-07-19 15:25:10",5.7,-3277,6.3,6.3,38.1,83.4,-3276.9,26.4,0,-38.5,-38.5,-38.5,92,32766,3276.6,3276.6,461,60,4,4,4,25.4,3276.6,60,0,0,3246.6,3235.1,0,3276.6,3276.6,5.7,6.3,34.69,0,0.64,1.25,0,16,1,1,0,254,0,32766,3276.6,3276.6,3276.6,18,6,0,0,255,255,255,255,0,3,0,0,THERMOKING,NULL,NA,2,2,0,0,0
380,ZGRU8756260,Madurador,1,"MAKRO Santa Anita","2024-03-09 12:10:13","2024-04-01 15:19:53",47,1,4597,-22,-12.0548,-76.9678,"2024-07-19 15:24:46",-2.4,-3277,6,0.4,28.9,43.7,-3276.9,19.9,14.8,-38.5,-38.5,-38.5,32766,32766,6502.4,6515.1,443,60,11.2,9,8.4,25.4,3276.6,0,0,0,9458.6,2418970,0,6502.4,6515.1,5951.9,1561.5,266.24,0.11,2.56,107.52,0,100,0,0,0,254,0,32766,3276.6,3276.6,3276.6,18,6,0,0,255,255,255,255,0,3,0,0,THERMOKING,NULL,NA,2,2,0,0,0
381,LOSU1333140,Madurador,1,"Sin Informacion","2024-03-09 12:13:42","2024-03-09 12:13:42",1,1,4598,-20,-11.9803,-77.1226,"2024-03-09 12:15:06",29.9,-3277,32.1,30.1,33.4,35.2,-3276.9,28.5,0,0,0,0,46,32766,3276.6,3276.6,456,60,11.4,10.9,10.6,25.4,3276.6,30,100,0,18,0,0,3276.6,3276.6,29.9,32.1,28.78,0.52,7.09,2.77,0,95,1,1,0,254,0,32766,3276.6,3276.6,3276.6,18,6,0,0,255,255,255,255,0,3,0,0,THERMOKING,NULL,NA,2,2,0,0,0
382,ZGRU8747308,Madurador,1,"MAKRO Santa Anita","2024-03-09 12:15:51","2024-04-01 15:19:20",47,1,4599,2,-12.0548,-76.9678,"2024-07-19 15:25:47",9,-3277,13.5,11.4,21,24.4,-3276.9,19.9,16,-38.5,-38.5,-38.5,32766,32766,3276.6,3276.6,446,60,5.7,4.4,4.1,25.4,3276.6,0,0,0,5165.2,5147.2,0,3276.6,3276.6,9,13.5,29.39,0,0.01,1.62,0,65,0,0,0,254,0,32766,3276.6,3276.6,3276.6,18,6,0,0,255,255,255,255,0,3,0,0,THERMOKING,NULL,NA,2,2,0,0,0
383,ZGRU1268663,Madurador,1,"MAKRO Santa Anita","2024-03-12 11:08:05","2024-04-01 15:21:52",47,1,4600,-20,-12.0548,-76.9678,"2024-07-19 15:24:49",-16.9,-3277,-8.3,0,19.6,33.2,-3276.9,19.4,-38.5,-38.5,-38.5,-38.5,32766,32766,3276.6,3276.6,446,60,4.9,4.9,4.9,25.4,3276.6,0,0,0,26538.6,12049.9,0,3276.6,3276.6,6533.5,6533.6,29.46,0,3.78,3.83,0,100,1,1,0,254,0,32766,3276.6,3276.6,3276.6,18,6,0,0,255,255,255,255,0,3,0,0,THERMOKING,NULL,NA,2,2,0,0,0
384,ZGRU1002249,Madurador,1,"Sin Informacion","2024-03-12 15:34:39","2024-03-12 15:34:39",1,1,4601,-40,-11.9803,-77.1226,"2024-04-01 08:35:43",23.6,-3277,23.5,23.5,23.1,22.2,-3277,23.8,0,-38.5,-38.5,-38.5,32766,32766,3276.6,3276.6,457,60,1,0.7,0.7,25.4,3276.6,0,0,0,77526.6,87.2,0,3276.6,3276.6,23.6,23.5,224.25,10.51,655.35,655.35,0,48,0,0,0,254,0,32766,3276.6,3276.6,3276.6,18,6,0,0,165,216,27,4,0,0,0,0,THERMOKING,NULL,NA,2,2,0,0,0
385,ZGRUxf6915730,Madurador,1,"Sin Informacion","2024-03-13 03:18:23","2024-03-13 03:18:23",1,1,4602,18,-11.9803,-77.1226,"2024-03-13 03:18:23",-38.5,-38.5,0,-0.1,-51.6,-1856.1,25.3,0,-25.2,3,3.1,0,0,65407,6528.4,3276.7,15,0,45.4,28.8,3276.6,0,3269.9,65499,32703,0,6889220,416075000,0,6528.4,3276.7,17,18.9,0.16,0,4.4,2.88,243,6,0,0,255,255,255,24647,6527.9,6515.1,780.7,79.36,0,0,0,47,9,127,255,53.2,3,0,32766,THERMOKING,NULL,NA,2,2,-16314,0,0
386,ZGRU6xff15730,Madurador,1,"Sin Informacion","2024-03-13 03:45:08","2024-03-13 03:45:08",1,1,4603,18,-11.9803,-77.1226,"2024-03-13 04:21:20",22.5,180,3.2,0,49.5,-0.1,-0.1,14.6,105.1,-0.1,-0.1,128.9,47087,32767,6528.4,3276.7,185,16,0,100.2,6495.9,NULL,6540.7,65499,32766,0,415838000,416075000,0,6528.4,3276.7,17,18.9,0.16,0,4.4,2.88,0,32,1,1,239,1,255,65535,1075.1,698.2,6528.4,655.35,255,32,224,239,183,255,127,51.3,3,0,-256,THERMOKING,NULL,NA,2,2,NULL,0,0
387,GRU6915730x06,Madurador,1,"Sin Informacion","2024-03-13 04:31:45","2024-03-13 04:31:45",1,1,4604,18,-11.9803,-77.1226,"2024-03-13 04:31:45",17,-3277,18.4,17.5,39.5,63.8,-3276.9,22.2,25.3,8.8,10,0,71,0,6502.4,6515.1,441,60,7,7.4,7.8,25.4,3276.6,30,6939,0,8450840,2239210,0,6502.4,6515.1,4364.7,4710.4,38.4,0,517.12,81.93,0,32,1,1,1,50,1,0,0,3276.6,3276.6,18,6,0,0,255,255,255,255,50.3,3,0,0,THERMOKING,NULL,NA,2,2,-385,0,0
388,LOSU1192460,Madurador,1,"Sin Informacion","2024-03-13 13:29:40","2024-03-13 13:29:40",1,1,4605,-2,-11.9803,-77.1226,"2024-03-13 13:30:56",-0.4,-3277,3.8,1.4,39.3,65.7,-3276.9,36.4,0,0,0,0,58,32766,3276.6,3276.6,457,60,4.6,4.7,4.4,25.4,3276.6,30,0,0,15768.8,15756.5,0,3276.6,3276.6,6553.2,3.8,39.42,0.13,0.83,3.09,0,37,1,1,0,254,0,32766,3276.6,3276.6,3276.6,18,6,0,0,255,255,255,255,0,0,0,0,THERMOKING,NULL,NA,2,2,0,0,0
389,ZGRU5118612,Madurador,1,"CENCOSUD SANTA ANITA","2024-03-13 13:31:43","2024-04-04 09:42:06",1,1,4606,-2,-11.9803,-77.1226,"2024-07-19 15:25:43",-1.8,-3277,2,0.6,41.4,69.5,-3276.9,23.3,22.6,-38.5,-38.5,-38.5,72,32766,3276.6,3276.6,456,60,5.4,5.7,5,25.4,3276.6,30,12,0,27190.5,11421.7,0,3276.6,3276.6,6551.7,2,39.78,0,0.98,3.72,0,31,1,1,0,254,0,32766,3276.6,3276.6,3276.6,18,6,0,0,255,255,255,255,320,0,0,0,THERMOKING,NULL,NA,2,2,0,0,0
390,TOTI1309200,Madurador,1,"Sin Informacion","2024-03-13 13:42:01","2024-03-13 13:42:01",1,1,4607,-2,-11.9803,-77.1226,"2024-03-13 13:43:02",0.8,-3277,4.8,2.3,45.4,61.7,-3276.9,34.7,0,0,0,0,64,32766,3276.6,3276.6,450,60,12.5,12.4,11.5,25.4,3276.6,60,100,0,26518.6,0.1,0,3276.6,3276.6,0.8,4.8,39.63,0.24,8.12,6,0,71,1,1,0,254,0,32766,3276.6,3276.6,3276.6,18,6,0,0,255,255,255,255,0,0,0,0,THERMOKING,NULL,NA,2,2,0,0,0
391,ZGRU4776901,Madurador,1,"CENCOSUD SANTA ANITA","2024-03-13 13:44:05","2024-04-04 09:42:50",1,1,4608,-2,-11.9803,-77.1226,"2024-07-19 15:24:12",-1.8,-3277,1.7,2.1,37.5,68,-3276.9,23.7,23.3,-38.5,-38.5,-38.5,70,32766,3276.6,3276.6,451,60,9.5,9.6,9.3,25.4,3276.6,30,13,0,38512.8,11994.2,0,3276.6,3276.6,6551.6,1.7,40.9,0,6.46,3.9,0,42,1,1,0,254,0,32766,3276.6,3276.6,3276.6,18,6,0,0,255,255,255,255,0,0,0,0,THERMOKING,NULL,NA,2,2,0,0,0
392,ZGxf2U6915730,Madurador,1,"Sin Informacion","2024-03-14 00:20:57","2024-03-14 00:20:57",1,1,4609,18,-11.9803,-77.1226,"2024-03-14 00:27:48",22.5,-3277,-38.5,-38.5,-4313.7,0,-51.2,25.4,8.2,-1.5,-38.5,25.5,5120,1294,19.6,614.4,57600,47024,3276.7,3276.7,6553.3,NULL,6515.1,7551,6925,0,428658000,368888000,0,19.6,614.4,870.4,6502.5,654.07,44.79,653.91,87.05,254,6,0,0,255,255,255,65453,3276.7,3276.6,6185.2,327.67,223,255,0,0,20,14,5,58.5,3,0,0,THERMOKING,NULL,NA,2,2,-1,0,0
393,ZGRUxff915730,Madurador,1,"Sin Informacion","2024-03-14 01:11:03","2024-03-14 01:11:03",1,1,4610,18,-11.9803,-77.1226,"2024-03-14 01:13:14",-38.5,-38.5,-38.5,-25.6,0,-51.2,-12.9,0,-38.5,0,22.3,129.4,28160,65370,19.6,614.4,65451,65503,4121.6,870.7,6502.5,NULL,6540.7,7143,65526,0,429496000,368888000,0,19.6,614.4,870.4,6502.5,654.07,44.79,653.91,87.05,0,29,1,1,0,0,254,65151,217.5,154.3,0,2.55,64,14,5,0,110,90,255,54.7,3,0,32767,THERMOKING,NULL,NA,2,2,NULL,0,0
394,ZGRU691xfd730,Madurador,1,"Sin Informacion","2024-03-14 01:17:32","2024-03-14 01:17:32",1,1,4611,21.75,-11.9803,-77.1226,"2024-03-14 01:47:38",-38.5,-38.5,-38.5,-38.5,-4646.5,0,-51.2,0,3.1,0,3,3,0,3661,19.6,614.4,32641,32767,6545.1,819.1,6502.4,NULL,870.5,65407,21119,0,429497000,368888000,0,19.6,614.4,870.4,6502.5,654.07,44.79,653.91,87.05,254,7,0,0,255,255,255,40447,5619.8,3276.6,6540.7,78.07,0,30,0,0,0,77,14,54.2,3,0,-1,THERMOKING,NULL,NA,2,2,NULL,0,0
395,ZGRU691xb5730,Madurador,1,"Sin Informacion","2024-03-14 01:52:46","2024-03-14 01:52:46",1,1,4612,18,-11.9803,-77.1226,"2024-03-14 01:58:55",17,-3277,18,-38.5,7.4,0,-3277,0,42.2,0,0,0.5,23180,1,19.6,614.4,32766,43903,6540.7,2342.3,709.5,51,6553.5,35247,1051,0,429497000,368888000,0,19.6,614.4,870.4,6502.5,654.07,44.79,653.91,87.05,254,6,0,0,255,221,0,65024,6515.1,4262.3,1536.1,655.2,14,5,0,140,90,1,0,53.6,3,0,6399,THERMOKING,NULL,NA,2,2,NULL,0,0
396,ZGRU8727282,Madurador,1,"TALSA ","2024-03-15 11:19:37","2024-03-26 16:54:23",46,1,4613,18,-11.9803,-77.1226,"2024-07-19 15:24:37",17.9,-3277,18.2,17.3,38.6,60.7,-3276.9,22.2,16.1,16.3,0,-38.5,92,0,3276.6,3276.6,457,60,6.6,7,6.7,0.1,20.7,60,24,0,3185.8,1085.8,0,3276.6,3276.6,17.8,18.2,33.18,0,2.58,2.98,0,18,1,1,1,90,2,32766,3276.6,3276.6,1,18,6,0,0,255,255,255,255,0,3,0,0,THERMOKING,NULL,NA,2,2,100,1,0
397,ZGRU6749050,Madurador,1,"Sin Informacion","2024-03-15 16:03:52","2024-03-15 16:03:52",1,1,4614,-22,-11.9802,-77.1221,"2024-03-15 16:18:49",20.4,-3277,28.6,21,29.7,42.4,-3277,28.1,0,-38.5,-38.5,-38.5,56,32766,3276.6,3276.6,463,60,0,0,0,25.4,3276.6,0,0,0,80142.2,0.4,0,3276.6,3276.6,20.4,28.6,251.27,10.51,655.35,2.55,0,72,1,1,0,254,0,32766,3276.6,3276.6,3276.6,18,6,0,0,191,153,27,4,0,0,0,0,THERMOKING,NULL,NA,2,2,0,0,0
398,ZGRU8703763,Madurador,1,"COORPORACION CARNICA ","2024-03-15 16:23:48","2024-07-11 08:47:32",45,1,4615,-40,-11.9803,-77.1226,"2024-07-19 15:23:41",-23.3,-3277,-13.3,-15.5,31.9,65.5,-3277,21.8,0,-38.5,-38.5,-38.5,36,32766,3276.6,3276.6,449,60,9.6,9.8,9.2,25.4,3276.6,30,100,0,90429,9169.3,0,3276.6,3276.6,6530.3,6540.3,385.41,10.51,655.35,655.35,0,100,1,1,0,254,0,32766,3276.6,3276.6,3276.6,18,6,0,0,85,105,27,4,0,0,0,0,THERMOKING,NULL,NA,2,2,0,0,0
399,ZGxffU6915730,Madurador,1,"Sin Informacion","2024-03-22 01:04:17","2024-03-22 01:04:17",1,1,4616,18,-11.9803,-77.1226,"2024-03-22 01:09:26",18,-3277,18.4,18.8,40,64.3,-3276.9,24.1,0,-38.5,6,8,80,0,3276.6,3276.6,428,60,13.4,16.5,16.5,25.4,3276.6,60,28,0,34038.3,9774.1,0,3276.6,3276.6,18,18.4,0.15,0,11.67,3.01,0,28,1,1,1,50,1,0,0,3276.6,3276.6,18,6,0,0,255,255,255,255,65.7,3,0,0,THERMOKING,NULL,NA,2,2,80,0,0
400,ZGRU6xfd15730,Madurador,1,"Sin Informacion","2024-03-22 01:43:43","2024-03-22 01:43:43",1,1,4617,18,-11.9803,-77.1226,"2024-03-22 01:47:29",18,-3277,18.4,-12.9,-12.9,-38.5,-4492.9,0,8,-38.5,2.8,-12.7,49023,255,3276.6,3276.6,32249,1,2061.6,6545.8,6540.7,55.7,4710.3,57343,65023,0,297202000,429490000,0,3276.6,3276.6,18,18.4,0.16,0,5.31,3.01,0,28,1,1,255,127,239,65527,6553.5,1382.3,698.7,652.84,255,129,255,127,191,255,0,60.7,3,0,0,THERMOKING,NULL,NA,2,2,80,0,0
401,ZGRU6xb915730,Madurador,1,"Sin Informacion","2024-03-22 02:17:39","2024-03-22 02:17:39",1,1,4618,18,-11.9803,-77.1226,"2024-03-22 02:17:39",18,-3277,18.4,18.8,39.9,64.1,-3276.9,23.8,105.1,-0.1,180,0.6,80,64760,3276.6,3276.6,418,60,13.6,11.4,14.4,25.4,3276.6,60,28,0,34047.2,848643,0,3276.6,3276.6,18,18.4,0.17,634.88,116.36,650.25,0,28,1,1,255,127,255,61311,203.9,0,6553.5,655.35,53,75,27,4,255,255,255,57.4,3,0,-17557,THERMOKING,NULL,NA,2,2,-1,0,0
402,[gRU6915730,Madurador,1,"Sin Informacion","2024-03-22 11:02:17","2024-03-22 11:02:17",1,1,4619,-0.01,-11.9803,-77.1226,"2024-03-22 11:08:02",-0.3,-3276.9,18.5,-38.5,217.5,154.3,0,-0.1,-0.1,-0.1,105.1,-0.1,65535,255,3276.6,3276.6,420,63548,6151.9,8.5,9,25.4,3276.6,60,55,0,34108.7,9844.5,0,3276.6,3276.6,18,18.5,0.19,0,5.09,3.02,128,255,1,1,255,255,127,3328,696.6,6528.4,76.7,69.84,4,255,255,255,255,255,0,29.2,3,0,3328,THERMOKING,NULL,NA,2,2,-1,0,0
403,[w[U7915730,Madurador,1,"Sin Informacion","2024-03-22 11:26:33","2024-03-22 11:26:33",1,1,4620,-0.17,-11.9803,-77.1226,"2024-03-22 12:00:15",-0.1,-1804.9,18.5,19,-2815.9,-25.4,-5004.9,31.8,-38.5,-38.5,-38.5,-12.4,79,65248,6515.1,4620.7,15361,42240,4531.2,4352,6502.4,25.4,6515.1,14848,0,0,317090000,169450000,0,6515.1,4620.7,4736,460.8,0,279.04,117.8,650.25,224,247,1,1,255,254,127,32766,180,0.6,6528,655.35,255,91,77,27,4,255,255,28.3,3,0,-1,THERMOKING,NULL,NA,2,2,NULL,0,0
404,w[U6915730x06,Madurador,1,"Sin Informacion","2024-03-22 11:29:45","2024-03-22 11:29:45",1,1,4621,-5.81,-11.9803,-77.1226,"2024-03-22 11:31:06",-7.3,-3276.9,18.5,18.9,41.3,65.1,-3276.9,31.2,0,-0.1,-0.1,-12.4,79,0,3276.6,3276.6,420,60,9.8,10.2,11.1,25.4,3276.6,60,59,0,34112.6,9848.3,0,3276.6,3276.6,18,18.5,0.18,0,5.89,3.02,239,254,0,0,254,127,254,2175,154.3,0,6553.5,655.35,2,72,27,4,255,255,0,28.5,3,0,127,THERMOKING,NULL,NA,2,2,-1,0,0
405,ZwRU6915730,Madurador,1,"Sin Informacion","2024-03-22 12:05:10","2024-03-22 12:05:10",1,1,4622,22.43,-11.9803,-77.1226,"2024-03-22 12:05:10",18,-3277,18.5,19,43.3,66.7,-3276.9,31.9,-38.5,-38.5,-38.5,-12.4,79,0,3276.6,3276.6,425,60,9.4,10.2,10.5,25.4,3276.6,60,58,0,34115.3,9851.1,0,3276.6,3276.6,18,18.5,0.19,0,5.95,3.03,31,1,0,0,0,0,0,32766,3276.6,180,3277.4,655.28,255,255,255,108,78,27,4,28,3,0,0,THERMOKING,NULL,NA,2,2,80,0,0
406,ZGRU0113580,Madurador,1,"DP WORLD","2024-03-25 12:29:15","2024-04-04 09:43:09",1,1,4623,-18,-11.9803,-77.1226,"2024-05-17 19:27:53",19.7,-25.2,25.5,0,15,0,0,29.1,0.1,0,0,-25.2,65535,65535,3276.6,3276.6,65535,60,0,0,0.1,25.4,3276.6,30,86,0,75452.6,49236.8,0,3276.6,3276.6,19.7,18.3,21.53,0,0.02,5.15,1,100,1,1,0,254,0,32766,3276.6,3276.6,3276.6,18,6,0,0,255,255,255,255,0,0,0,0,THERMOKING,NULL,NA,2,2,0,0,0
407,ZGRU6325457,Madurador,1,"DP WORLD","2024-03-26 15:53:42","2024-04-04 09:43:26",1,1,4624,20,-11.9803,-77.1226,"2024-07-19 15:25:15",20.7,-3277,19.9,20.1,51.3,71.1,-3276.9,23,0,-38.5,-38.5,-38.5,59,32766,3276.6,3276.6,448,60,17.4,17.7,16.8,25.4,3276.6,30,46,0,87750.4,86930.3,0,3276.6,3276.6,20.5,19.9,36.31,0,12.07,6.28,0,0,1,1,1,50,0,32766,3276.6,3276.6,3276.6,18,6,0,0,255,255,255,255,0,3,0,0,THERMOKING,NULL,NA,2,2,0,0,0
408,ZGRU5214253,Madurador,1,"DP WORLD","2024-03-26 16:03:18","2024-04-04 09:44:51",1,1,4625,20,-11.9803,-77.1226,"2024-05-13 18:46:19",20.7,-3277,17.7,17.7,35.7,62.4,-3276.9,20.6,-38.5,217.5,154.3,0,56,32766,3276.6,3276.6,461,60,10.3,10.2,10.4,25.4,3276.6,30,5,0,42630,21029.6,0,3276.6,3276.6,20.6,17.7,34.8,0,6.66,5.71,0,19,1,1,1,50,0,32766,3276.6,3276.6,3276.6,18,6,0,0,255,255,255,255,0,3,0,0,THERMOKING,NULL,NA,2,2,0,0,0
409,ZGRU8727289,Madurador,1,"Sin Informacion","2024-03-26 17:27:32","2024-03-26 17:27:32",1,1,4627,-2.52,-11.9803,-77.1226,"2024-03-26 17:31:21",0,0,0,0,0,0,0,0,0,0,0,0,0,0,0,0,0,0,0,0,0,0,0,0,0,0,0,0,0,0,0,0,0,0,0,0,0,210,255,0,0,0,0,0,0,0,0,0,0,0,0,0,0,0,0,0,72.6,0,0,0,THERMOKING,NULL,NA,2,2,0,0,0
410,ZGRU6644638,Madurador,1,"Sin Informacion","2024-03-27 09:41:17","2024-03-27 09:41:17",1,1,4628,-10,-11.9803,-77.1226,"2024-03-27 09:42:06",22.8,-3277,25.7,22.5,39.1,32.5,-3276.9,27.3,0,0,0,0,90,32766,3276.6,3276.6,461,59,12.1,12.3,11.7,25.4,3276.6,30,100,0,23023,0.1,0,3276.6,3276.6,22.8,25.7,28.26,0.26,7.89,4.8,0,62,1,1,0,254,0,32766,3276.6,3276.6,3276.6,18,4,0,0,255,255,255,255,0,0,0,0,THERMOKING,NULL,NA,2,2,0,0,0
411,ZGRU6645466,Madurador,1,"IFF PERU","2024-03-27 09:42:53","2024-06-17 14:21:19",54,1,4629,-20,-11.9803,-77.1226,"2024-07-19 15:24:59",-25.1,-3277,-17.9,-19.4,29.1,49.4,-3276.9,19.5,-38.5,-38.5,-38.5,-38.5,52,32766,3276.6,3276.6,446,60,9.5,9.5,9.1,25.4,3276.6,30,100,0,23364.4,42.8,0,3276.6,3276.6,6528.5,6535.7,29.22,0,5.79,0.83,0,100,1,1,0,254,0,32766,3276.6,3276.6,3276.6,18,4,0,0,255,255,255,255,0,3,0,0,THERMOKING,NULL,NA,2,2,0,0,0
412,ZGRU6093446,Madurador,1,"EXPORTADORA FRUTICOLA DEL SUR","2024-03-30 09:55:23","2024-07-11 08:39:50",1,1,4630,0,-11.9803,-77.1226,"2024-07-12 16:37:08",5.5,-3277,6.4,4.6,24.4,31.3,-3276.9,23.9,5,4.9,5.1,0,76,32766,3276.6,3276.6,457,60,5.9,5.5,5.4,25.4,3276.6,0,0,0,7706.8,2821.1,0,3276.6,3276.6,5.5,6.4,32.43,0.07,0.94,2.86,0,100,1,1,0,254,0,32766,3276.6,3276.6,3276.6,18,6,0,0,255,255,255,255,0,3,0,0,THERMOKING,NULL,NA,2,2,0,0,0
413,ZGRU7915730,Madurador,1,"Sin Informacion","2024-03-31 14:27:08","2024-04-09 11:40:45",1,1,4631,0,-11.9803,-77.1226,"2024-03-31 14:29:15",18,-3277,18.5,19.1,43,66.8,-3276.9,32.9,0,-38.5,-38.5,-38.5,78,0,3276.6,3276.6,420,60,8.9,9.9,10.2,25.4,3276.6,60,62,0,35434.8,11170.5,0,3276.6,3276.6,18,18.5,0.19,0,5.77,3.21,255,0,0,0,50,1,0,0,6502.4,6515.1,217.5,15.43,0,0,255,255,255,255,91,68.5,3,0,0,THERMOKING,NULL,NA,2,2,80,0,0
414,ZGRU4541234,Madurador,1,"Sin Informacion","2024-04-08 17:26:43","2024-04-08 17:26:43",1,1,4632,8,-11.9803,-77.1226,"2024-04-12 09:14:55",24.9,-3277,24.9,24.9,-3277.2,-3277.2,-3276.9,0,0,0,0,0,32766,32767,3276.6,3276.6,32766,32760,35,35,35,51,3276.6,0,0,0,20187.8,0,0,3276.6,3276.6,24.9,24.9,24.57,0,0.01,0,1,156,1,1,0,254,0,32766,3276.6,3276.6,3276.6,18,6,0,0,255,255,255,255,0,3,0,30,THERMOKING,NULL,NA,2,2,37,0,0
415,ZGRU6769214,Madurador,1,2XL-D,"2024-04-09 11:03:16","2024-04-09 11:36:26",40,1,4633,8,-11.9803,-77.1226,"2024-04-11 18:57:05",8.9,-3277,10.5,8.9,44,61.1,-3276.9,26.7,0,-38.5,-38.5,-38.5,32766,32766,3276.6,3276.6,459,60,14.1,14.1,14,25.4,3276.6,30,37,0,86379.5,4613,0,3276.6,3276.6,8.9,8.4,40.11,0,10.42,2.49,0,76,1,1,1,90,0,32766,3276.6,3276.6,3276.6,18,6,0,0,255,255,255,255,0,3,0,0,THERMOKING,NULL,NA,2,2,40,0,0
416,ZGRU6357433,Madurador,1,"MAKRO SUPERMAYORISTA","2024-04-12 14:03:34","2024-06-17 14:22:25",1,1,4634,-20,-11.9803,-77.1226,"2024-07-19 15:25:40",-23.1,-3277,-20.7,-26.4,30.5,61.3,-3277,21.4,-38.5,-38.5,-38.5,-38.5,32760,32766,3276.6,3276.6,438,60,10.5,10.2,9.6,25.4,3276.6,30,100,0,82118.2,59334.3,0,3276.6,3276.6,6530.5,6532.9,31.85,0,6.11,3.17,0,100,1,1,0,254,0,32766,3276.6,3276.6,3276.6,18,6,0,0,255,255,255,255,0,0,0,0,THERMOKING,NULL,NA,2,2,0,0,0
417,ZGRU6356761,Madurador,1,"MARKET PRODUCT SAC","2024-04-16 12:51:33","2024-07-11 08:30:00",1,1,4635,-2.52,-11.9803,-77.1226,"2024-07-11 06:04:15",17,-25.2,25.5,0.1,-51.2,-51.2,-38.5,-38.5,-38.5,217.5,154.3,0,65535,65535,3276.6,3276.6,65535,60,9.7,5.9,7,25.4,3276.6,0,0,0,24396.4,9.8,0,3276.6,3276.6,17,16.9,25.94,0,0.01,0.09,210,255,0,0,0,254,0,32766,3276.6,3276.6,3276.6,18,6,0,0,255,255,255,255,0,3,0,24,THERMOKING,NULL,NA,2,2,0,0,0
418,ZGRU0023553,Madurador,1,"PACIFIC IQF","2024-04-16 13:38:52","2024-05-17 09:43:58",29,1,4636,20,-11.9803,-77.1226,"2024-07-19 15:24:34",18.8,-3277,20.5,18.7,41.2,67.5,-3276.9,23.7,0,-38.5,-38.5,-38.5,90,0,3276.6,3276.6,427,60,5.7,5.5,5.1,1.9,18.8,30,30,0,4774.7,4773.1,0,3276.6,3276.6,19,20.5,43.18,0,4.11,3.98,0,11,1,1,1,85,2,32766,3276.6,3276.6,2,18,6,0,0,255,255,255,255,5.9,3,0,0,THERMOKING,NULL,NA,2,2,110,1,0
419,ZGRU8713530,Madurador,1,"PROCESADORA LARAN","2024-04-16 13:51:11","2024-06-17 14:22:47",29,1,4637,-2.52,-11.9803,-77.1226,"2024-06-25 06:26:30",7.5,-25.2,25.5,25.9,-4249.5,-51,-38.5,-38.5,0,204.8,103.1,0,65535,65535,3276.6,3276.6,65535,60,4.5,4.8,3.8,0,20.7,0,4,0,26686.3,1534.4,0,3276.6,3276.6,7.5,8.7,29.57,0,4.55,3.39,210,255,1,1,1,90,2,32766,3276.6,3276.6,1.5,18,4,0,0,255,255,255,255,0,3,0,0,THERMOKING,NULL,NA,2,2,95,0,0
420,ZGRU6737851,Madurador,1,"Nestle Iquitos","2024-04-25 12:29:05","2024-04-25 13:48:43",1,1,4638,-24,-11.9806,-77.123,"2024-06-10 10:49:25",-2.9,-3277,5.4,4.1,35.6,61.3,-3277,17.6,0,0,0,0,32766,32766,3276.6,3276.6,437,60,12.3,10.5,11.1,25.4,3276.6,30,100,0,39959.3,2.2,0,3276.6,3276.6,6550.7,5.4,312.96,10.51,655.35,0,0,100,1,1,0,254,0,32766,3276.6,3276.6,3276.6,18,6,0,0,230,208,27,4,0,0,0,0,THERMOKING,NULL,NA,2,2,0,0,0
421,ZGRU8739500,Madurador,1,"ICS MIAMI ZXL-L","2024-04-27 16:19:41","2024-07-17 09:19:19",1,1,4639,21,-11.9803,-77.1226,"2024-07-19 15:24:43",20,-3277,21.8,19.1,44.7,79.4,-3276.9,35.6,-38.5,-38.5,-38.5,-38.5,88,0,3276.6,3276.6,485,60,5.1,5.3,3.5,0.2,20.5,60,8,0,6738.2,165.5,0,3276.6,3276.6,20,21.8,0.1,0,1.63,1.64,0,13,1,1,1,90,1,0,0,3276.6,3276.6,18,6,0,0,255,255,255,255,120.3,5,0,31,THERMOKING,NULL,NA,2,2,125,0,0
422,ZGRU1011436,Madurador,1,B&W,"2024-04-29 09:46:33","2024-04-29 17:35:11",48,1,4640,-1.11,27.7397,-80.6589,"2024-07-19 13:07:06",-1.2,-3277,2,-12.6,35.2,69.5,-3276.9,28.6,0.6,-0.5,103.1,-38.5,72,32766,3276.6,3276.6,480,60,6.2,5.9,5.9,25.4,3276.6,60,100,0,3897.2,114.7,0,3276.6,3276.6,6552.5,2,39.75,0,2.35,0.34,0,70,1,1,0,254,0,32766,3276.6,3276.6,3276.6,18,4,0,0,255,255,255,255,0,3,0,0,THERMOKING,NULL,NA,2,2,0,0,0
423,ZGRU1011456,Madurador,1,B&W,"2024-04-29 09:55:52","2024-04-29 17:35:03",48,1,4641,-2.52,27.7397,-80.6589,"2024-07-19 13:09:17",1.3,-25.2,25.5,25.9,-51.2,-51.2,-38.5,-38.5,-38.5,217.5,103.1,0,65535,65535,6502.4,6515.1,65535,15361,1331.2,1331.2,1356.8,1356.8,6515.1,127,0,0,1357930,856269,0,6502.4,6515.1,191.9,998.4,601.6,0.15,463.36,440.33,210,255,1,1,0,254,0,32766,3276.6,3276.6,3276.6,18,4,0,0,255,255,255,255,0,3,0,0,THERMOKING,NULL,NA,2,2,0,0,0
424,ZGRU1011452,Madurador,1,B&W,"2024-04-29 10:45:49","2024-04-29 17:34:53",48,1,4642,-1.11,27.7397,-80.6589,"2024-07-19 13:09:26",-0.9,-3277,0.3,-1.6,38.4,67.4,-3276.9,29,-0.2,0.4,2.6,-38.5,75,32766,3276.6,3276.6,481,60,14.5,14.1,13.9,25.4,3276.6,30,100,0,6409.3,3564.4,0,3276.6,3276.6,6552.5,0.3,40.96,0,10.84,1.83,0,74,1,1,1,60,0,32766,3276.6,3276.6,3276.6,18,4,0,0,255,255,255,255,0,3,0,0,THERMOKING,NULL,NA,2,2,0,0,0
425,ZGRU8718826,Madurador,1,B&W,"2024-04-29 10:49:40","2024-04-29 17:34:45",48,1,4643,1.72,27.7397,-80.6589,"2024-07-19 15:25:25",0.9,-3277,5.5,5.3,42.6,55.2,-3276.9,25.8,25.7,-38.5,-38.5,-38.5,80,32766,3276.6,3276.6,487,60,11.7,11.7,11.3,25.4,3276.6,60,100,0,16739,16734.2,0,3276.6,3276.6,1.1,3.4,36.37,0,8.19,5.67,0,55,1,1,1,99,0,32766,3276.6,3276.6,3276.6,18,6,0,0,255,255,255,255,0,0,0,0,THERMOKING,NULL,NA,2,2,0,0,0
426,ZGRU1011449,Madurador,1,B&W,"2024-04-29 10:53:13","2024-04-29 17:34:39",48,1,4644,-2.52,27.7397,-80.6589,"2024-07-19 13:10:05",-1.1,-25.2,25.5,25.9,-5017.5,-51.2,-38.5,-38.5,-38.5,217.5,103.1,0,65535,65535,3276.6,3276.6,65535,60,13.9,13.6,13.4,25.4,3276.6,0,100,0,6569.8,3608.8,0,3276.6,3276.6,6552.5,6553.4,41.3,0,10.56,1.85,210,255,1,1,1,60,0,32766,3276.6,3276.6,3276.6,18,4,0,0,255,255,255,255,0,3,0,0,THERMOKING,NULL,NA,2,2,0,0,0
427,ZGRU1011451,Madurador,1,B&W,"2024-04-29 10:54:43","2024-04-29 17:34:33",48,1,4645,-1.11,27.7397,-80.6589,"2024-07-19 13:08:06",-1.3,-3277,2.8,-6.9,35.9,69.3,-3276.9,28.9,0.7,0.9,103.1,-38.5,64,32766,3276.6,3276.6,477,60,8.5,8.8,8.3,25.4,3276.6,60,100,0,6215,3745.2,0,3276.6,3276.6,6552.5,2.8,40.75,0,5.91,1.93,0,71,1,1,0,254,0,32766,3276.6,3276.6,3276.6,18,4,0,0,255,255,255,255,0,3,0,0,THERMOKING,NULL,NA,2,2,0,0,0
428,ZGRU8708448,Madurador,1,B&W,"2024-04-29 16:39:34","2024-04-29 17:34:25",48,1,4646,1.66,27.7397,-80.6589,"2024-07-19 15:23:40",13.7,-3277,20.3,27.9,29.2,33.7,-3276.9,25.8,0,-38.5,-38.5,-38.5,87,32766,3276.6,3276.6,487,60,7.1,7.4,7.2,25.4,3276.6,60,90,0,15916.3,9973.3,0,3276.6,3276.6,1.7,6.6,35.71,0,2.48,5.12,0,86,1,1,1,60,0,32766,3276.6,3276.6,3276.6,18,6,0,0,255,255,255,255,320,0,0,0,THERMOKING,NULL,NA,2,2,0,0,0
429,ZGRU7507350,Madurador,1,"Sin Informacion","2024-04-29 17:42:18","2024-05-31 10:32:01",52,1,4647,6,-11.9803,-77.1226,"2024-07-11 22:52:57",6.1,-3277,7,7.7,39.8,73.3,-3276.9,19.9,-38.5,-38.5,153.9,0,97,32766,3276.6,3276.6,458,60,4.7,4.6,4.4,25.4,3276.6,30,2,0,50421.7,1567.7,0,3276.6,3276.6,6,7,30.25,0,0.83,1.51,0,12,1,1,0,254,0,32766,3276.6,3276.6,3276.6,8,6,0,0,255,255,255,255,0,3,0,0,THERMOKING,NULL,NA,2,2,0,0,0
430,ZGRU8735478,Madurador,1,"GUARDIA CIVIL","2024-04-30 12:16:02","2024-07-10 15:51:31",57,1,4648,-18,-12.1726,-76.9924,"2024-07-19 15:25:38",-25.2,-3277,-18.5,-25.3,25.2,56.6,-3277,18.6,18.8,-38.5,-38.5,-38.5,79,32766,3276.6,3276.6,466,60,0.1,0,0,25.4,3276.6,0,0,0,51639.7,620,0,3276.6,3276.6,6528.4,6535.1,28.7,0,0.03,2.87,0,48,1,1,0,254,0,32766,3276.6,3276.6,3276.6,18,6,0,0,255,255,255,255,0,0,0,0,THERMOKING,NULL,NA,2,2,0,0,0
431,ZGRU8452136,Madurador,1,"DP WORLD LOGISTICS S.R.L.","2024-05-13 19:05:48","2024-06-17 14:23:01",1,1,4649,20,-11.9803,-77.1226,"2024-07-19 15:25:04",19,-3277,20,20,38.9,67,-3277,22.3,0,0,0,0,60,32766,3276.6,3276.6,455,60,8.8,9.1,8.9,25.4,3276.6,60,19,0,74443.3,8097.9,0,3276.6,3276.6,19,20,35.13,0,5.82,4.74,0,31,1,1,1,50,0,32766,3276.6,3276.6,3276.6,18,6,0,0,255,255,255,255,0,0,0,0,THERMOKING,NULL,NA,2,2,0,0,0
432,ZGRU5014794,Madurador,1,"CADENA DE COMERCIO PERU","2024-05-16 12:16:14","2024-06-17 14:23:22",49,1,4650,-2,-12.2105,-76.9663,"2024-07-19 15:25:06",-2,-3277,0.2,0.8,39.9,68.6,-3277,20.1,18.6,-38.5,-38.5,-38.5,80,32766,3276.6,3276.6,468,60,10.9,11.2,10.7,25.4,3276.6,60,16,0,67293.1,58400.6,0,3276.6,3276.6,6551.6,0.2,0.22,0,7.54,5.73,0,42,1,1,1,90,0,32766,3276.6,3276.6,3276.6,18,6,0,0,255,255,255,255,320,0,0,0,THERMOKING,NULL,NA,2,2,0,0,0
433,ZGRU6357290,Madurador,1,"CADENA DE COMERCIO PERU","2024-05-16 12:36:22","2024-06-17 14:24:39",49,1,4651,-2,-12.2105,-76.9663,"2024-07-19 15:24:31",-2,-3277,0,-0.3,40,71,-3277,21,0,-38.5,-38.5,-38.5,81,32766,3276.6,3276.6,463,60,7.5,7.6,7.4,25.4,3276.6,60,9,0,47395,40547.6,0,3276.6,3276.6,6551.6,0,69.39,0,81.92,363.53,0,36,1,1,0,254,0,32766,3276.6,3276.6,3276.6,18,6,0,0,255,255,255,255,0,0,0,0,THERMOKING,NULL,NA,2,2,0,0,0
434,,Madurador,1,"Sin Informacion","2024-05-16 15:09:15","2024-05-16 15:09:15",1,1,41,13.3,-11.9803,-77.1226,"2024-05-16 15:43:11",13.1,-3277,17.7,16.6,36.1,60.6,-3276.9,24.7,0,-38.5,-38.5,-38.5,32766,32766,3276.6,3276.6,32766,32760,35,35,35,51,3276.6,0,0,0,9633.4,9630.2,0,3276.6,3276.6,13.1,17.7,0.17,0,0.01,1.96,1,156,1,1,0,254,0,32766,3276.6,3276.6,3276.6,18,6,0,0,255,255,255,255,0,0,0,0,THERMOKING,NULL,NA,2,2,0,0,0
435,MRZG130524,Madurador,1,"Sin Informacion","2024-05-16 15:46:49","2024-06-09 08:53:36",53,1,4653,0,-11.9803,-77.1226,"2024-07-19 15:23:44",-2.1,-3277,4.8,2.2,47.6,69.6,-3276.9,34.9,0,-38.5,-38.5,-38.5,32766,32766,3276.6,3276.6,32766,32760,35,35,35,51,3276.6,0,0,0,9643.7,6.5,0,3276.6,3276.6,6551.5,4.8,0.21,0,0.01,0.01,1,156,1,1,0,254,0,32766,3276.6,3276.6,3276.6,18,6,0,0,255,255,255,255,0,0,0,0,THERMOKING,NULL,NA,2,2,0,0,0
436,ZGRU0073765,Madurador,1,"PV PIURA","2024-05-20 17:23:12","2024-07-12 12:35:28",57,1,4654,2,-5.18607,-80.6433,"2024-07-19 15:25:37",1.6,-3277,4,4,39.1,73.1,-3277,29.9,20.9,-38.5,-38.5,-38.5,91,32766,3276.6,3276.6,409,60,5.7,6.3,5.8,25.4,3276.6,60,98,0,35476.2,829.7,0,3276.6,3276.6,1.8,4,38.29,0,2.02,2.05,0,53,1,1,0,254,0,32766,3276.6,3276.6,3276.6,18,6,0,0,255,255,255,255,0,0,0,0,THERMOKING,NULL,NA,2,2,0,0,0
437,LOSU2080276,Madurador,1,"Sin Informacion","2024-05-30 16:22:14","2024-05-30 16:22:14",1,1,5189,22.5,-11.9803,-77.1226,"2024-05-30 16:46:00",22.8,-3277,21.8,21.5,39.7,58.9,-3276.9,17.6,0,0,0,0,85,0,3276.6,3276.6,454,60,0.7,0.7,0.7,1.5,19.2,30,0,0,1.5,1.3,0,3276.6,3276.6,22.8,21.8,22.54,0.52,0.24,3.31,0,0,1,1,1,85,0,32766,3276.6,3276.6,3276.6,18,6,0,0,255,255,255,255,8,0,0,0,THERMOKING,NULL,NA,2,2,0,0,0
438,ZGRU6x9935390,Madurador,1,"Sin Informacion","2024-06-05 12:23:30","2024-06-05 12:23:30",1,1,5204,18.3,-11.9803,-77.1226,"2024-06-05 12:27:12",18.3,-3277,21.6,17.6,46.4,72.6,-3276.9,34.3,-38.5,-38.5,-38.5,0,78,0,3276.6,3276.6,469,60,15.3,13.4,16.5,1.3,19.5,30,100,0,3148.4,163.2,0,3276.6,3276.6,18.3,21.6,43.68,0,12,8.14,0,54,1,1,1,65,1,0,0,3276.6,3276.6,18,6,0,0,255,255,255,255,0,5,0,63,THERMOKING,NULL,NA,2,2,115,0,0
439,GRU6235390xb2,Madurador,1,"Sin Informacion","2024-06-05 13:31:06","2024-06-05 13:31:06",1,1,5205,18.3,-11.9803,-77.1226,"2024-06-05 13:31:06",18.3,-3277,21.7,17.6,46.5,73.1,-3276.9,34.2,-38.5,-38.5,-38.5,0,77,0,3276.6,3276.6,469,60,16.5,16,17.8,1.4,19.4,30,100,0,3158.9,173.8,0,3276.6,3276.6,18.3,21.7,44.71,0,11.69,8.22,0,55,1,1,1,65,1,0,0,3276.6,3276.6,18,6,0,0,255,255,255,255,0,5,0,62,THERMOKING,NULL,NA,2,2,115,0,0
440,ZGRU62s5390,Madurador,1,"Sin Informacion","2024-06-05 15:28:06","2024-06-05 15:28:06",1,1,5206,18.3,-11.9803,-77.1226,"2024-06-05 17:51:55",18.3,-3277,21.7,17.6,43.4,70.3,-3276.9,31.6,-0.1,-38.5,105.1,7.8,77,0,3276.6,3276.6,475,60,16.1,15.2,17.2,1.8,19,30,100,0,3199.8,214.6,0,3276.6,3276.6,18.3,21.7,45.73,0,12.34,8.42,0,53,1,1,1,65,1,0,0,3276.6,3276.6,18,6,0,0,255,255,255,255,0,5,0,57,THERMOKING,NULL,NA,2,2,115,0,0
441,ZGRU623xf5390,Madurador,1,"Sin Informacion","2024-06-06 01:45:35","2024-06-06 01:45:35",1,1,5329,18.3,-11.9803,-77.1226,"2024-06-06 01:45:35",18.3,-3277,21.4,17.5,39.9,66.4,-3276.9,28.5,-38.5,-38.5,154.3,0,78,0,3276.6,3276.6,483,60,12.7,11.3,13.2,2.5,18.4,30,93,0,3272.1,286.9,0,3276.6,3276.6,18.3,21.4,39.28,0,9.54,8.6,0,47,1,1,1,65,1,0,0,3276.6,3276.6,18,6,0,0,255,255,255,255,0,5,0,49,THERMOKING,NULL,NA,2,2,115,0,0
442,_GRU6235390,Madurador,1,"Sin Informacion","2024-06-06 07:10:55","2024-06-06 07:10:55",1,1,5401,18.3,-11.9803,-77.1226,"2024-06-06 07:14:41",18.3,-3277,21.3,17.5,39.9,66.5,-3276.9,29,-38.5,-38.5,-38.5,-38.5,78,0,3276.6,3276.6,476,60,16,15.7,16.6,2.9,18,30,94,0,3321.4,336.2,0,3276.6,3276.6,18.3,21.3,38.82,0,12.25,8.66,0,47,1,1,1,65,1,0,0,3276.6,3276.6,18,6,0,0,255,255,255,255,0,5,0,44,THERMOKING,NULL,NA,2,2,115,0,0
443,ZGRU623539xf0,Madurador,1,"Sin Informacion","2024-06-06 09:17:40","2024-06-06 09:17:40",1,1,5431,2.56,-11.9803,-77.1226,"2024-06-06 19:29:53",18.3,-3277,21.6,17.5,42.6,68.8,-3276.9,30.6,-38.5,-38.5,-38.5,0,77,0,3276.6,3276.6,478,60,14.8,14.1,17,2.9,17.9,30,100,0,3436.6,451.4,0,3276.6,3276.6,18.3,21.6,41.95,0,8.07,8.83,128,0,0,0,0,0,0,32,0.3,3788.9,697.1,652.84,255,0,0,255,255,255,255,0,5,0,32,THERMOKING,NULL,NA,2,2,105,0,0
444,ZGRU623539xb2,Madurador,1,"Sin Informacion","2024-06-06 19:51:18","2024-06-06 19:51:18",1,1,5503,11,-11.9803,-77.1226,"2024-06-06 19:51:18",12.8,-3277,20,9.8,52.2,74.6,-3276.9,30.6,-38.5,0,-38.5,-38.5,60,0,2688,2969.9,477,60,13.1,12.6,14,2.9,17.9,30,100,0,3439.9,6501630,0,2688,2969.9,6502.7,6540.7,85.75,70.47,652.84,71.67,0,85,1,1,1,95,1,0,0,3276.6,3276.6,18,6,0,0,255,255,255,255,0,3,0,31,THERMOKING,NULL,NA,2,2,105,0,0
445,ZGRU1295870,Madurador,1,"Sin Informacion","2024-06-10 10:50:28","2024-06-10 10:50:28",1,1,5512,-24,-11.9806,-77.1229,"2024-06-10 11:16:10",-17,-3277,-7.9,-8.8,31.7,65.4,-3277,20,0,0,0,0,32766,32766,6502.4,6515.1,438,60,11.2,9.2,10,25.4,3276.6,30,100,0,39962,693.9,0,6502.4,6515.1,2214.3,4556.7,163.83,70.46,652.84,2.55,0,100,1,1,0,254,0,32766,3276.6,3276.6,3276.6,18,6,0,0,230,208,27,4,0,0,0,0,THERMOKING,NULL,NA,2,2,0,0,0
446,ZGRU4587968,Madurador,1,"Sin Informacion","2024-06-12 10:29:29","2024-06-12 10:29:29",1,1,5565,10,-11.9803,-77.1226,"2024-06-12 10:50:22",22,-3277,22.1,21.8,-3277.2,-3277.2,-3276.9,0,0,0,0,0,32766,32766,3276.6,3276.6,32766,32760,35,35,35,51,3276.6,0,0,0,20194.1,0.1,0,3276.6,3276.6,22,22.1,0.13,0,0.01,0.01,1,156,1,1,0,254,0,32766,3276.6,3276.6,3276.6,18,6,0,0,255,255,255,255,0,0,0,0,THERMOKING,NULL,NA,2,2,0,0,0
447,MRZG130001,Madurador,1,"Sin Informacion","2024-06-12 10:55:46","2024-06-12 10:55:46",1,1,5566,5,-11.9803,-77.1226,"2024-06-12 11:03:54",22.2,-3277,22.4,22.1,-3277.2,-3277.2,-3276.9,0,0,0,0,0,32766,32766,3276.6,3276.6,32766,32760,35,35,35,51,3276.6,0,0,0,20194.1,0,0,3276.6,3276.6,22.2,22.4,0.14,0,0.01,0,1,156,1,1,0,254,0,32766,3276.6,3276.6,3276.6,18,6,0,0,255,255,255,255,0,0,0,0,THERMOKING,NULL,NA,2,2,0,0,0
448,LOSU1405880,Madurador,1,"Sin Informacion","2024-06-12 12:01:52","2024-06-12 12:01:52",1,1,5567,10,-11.9803,-77.1226,"2024-06-12 12:29:39",11.6,-3277,13.5,13.8,35.4,52.8,-3276.9,21.3,0,0,0,0,78,32766,3276.6,3276.6,461,60,6.5,6.8,6.8,25.4,3276.6,60,0,0,5.8,2.6,0,3276.6,3276.6,11.6,13.5,23,0.19,5.24,5.61,0,48,1,1,1,50,0,32766,3276.6,3276.6,3276.6,18,6,0,0,255,255,255,255,0,0,0,0,THERMOKING,NULL,NA,2,2,0,0,0
449,ZGRU8748808,Madurador,1,KRONEN S.A.C,"2024-06-12 12:49:32","2024-06-28 10:21:39",56,1,5568,-21,-11.9803,-77.1226,"2024-07-19 15:25:48",-24.2,-3277,-16.6,-21.7,34.1,66.2,-3276.9,23.4,0,-38.5,-38.5,-38.5,90,32766,3276.6,3276.6,444,60,10.2,9.6,9.2,25.4,3276.6,30,100,0,1753.7,1747.7,0,3276.6,3276.6,6529.4,6537,29.61,0,5.95,1.96,1,100,1,1,0,254,0,32766,3276.6,3276.6,3276.6,18,6,0,0,255,255,255,255,0,3,0,0,THERMOKING,NULL,NA,2,2,0,0,0
450,ZGRU9656371,Madurador,1,UNITRADE,"2024-06-19 09:57:07","2024-07-11 08:24:25",1,1,7321,16.5,-11.9803,-77.1226,"2024-07-19 15:24:51",16.5,-3277,16.8,17.2,36.4,79.3,-3276.9,22.6,-38.5,217.5,154.3,0,51,32766,3276.6,3276.6,453,60,5.5,5.3,5.4,25.4,3276.6,60,0,0,67847.7,1578.6,0,3276.6,3276.6,16.5,16.8,32.15,0,1.78,0.81,0,11,1,1,1,55,0,32766,3276.6,3276.6,3276.6,18,6,0,0,255,255,255,255,0,3,0,0,THERMOKING,NULL,NA,2,2,0,0,0
451,ZGRU1940045,Madurador,1,UNITRADE,"2024-06-19 10:09:14","2024-07-11 08:42:00",1,1,7330,8,-11.9803,-77.1226,"2024-07-19 15:24:29",8,-3277,8.7,9.1,37.6,79.2,-3276.9,22.4,-38.5,-38.5,-38.5,-38.5,50,32766,3276.6,3276.6,456,60,5.3,5.4,6,25.4,3276.6,30,0,0,134846,98836,0,3276.6,3276.6,8,8.7,32.4,0,0.92,6.13,0,9,1,1,1,55,0,32766,3276.6,3276.6,3276.6,18,6,0,0,255,255,255,255,0,3,0,0,THERMOKING,NULL,NA,2,2,0,0,0
452,ZGRU1940019,Madurador,1,UNITRADE,"2024-06-19 10:16:37","2024-07-11 08:42:13",1,1,7333,16.5,-11.9803,-77.1226,"2024-07-19 15:24:48",15.5,-3277,16.5,16.8,40.3,69,-3276.9,22.5,-38.5,-38.5,-38.5,-38.5,51,32766,3276.6,3276.6,460,60,5.5,5.4,5,25.4,3276.6,60,2,0,20658.8,8198.2,0,3276.6,3276.6,15.5,16.5,31.27,0,1.76,1.37,0,12,1,1,1,55,0,32766,3276.6,3276.6,3276.6,18,6,0,0,255,255,255,255,0,3,0,0,THERMOKING,NULL,NA,2,2,0,0,0
458,ZGTU0015,Madurador,1,"Tunel USA","2024-06-21 16:07:50","2024-06-21 16:11:51",55,1,1000000,-7.1,0,0,"2024-07-03 07:22:24",1,2,1.3,1.8,30.8,31.3,2,29.7,0.3,0.4,0.4,0.3,401,401,401,401,475,407,0,0,0,401,401,0,0,41.8,-5312.7,0,0,0,0,0,0,0,0,0,0,0,0,0,0,0,0,0,0,0,0,0,0,0,0,0,0,0,0,0,0,0,0,0,THERMOKING,NULL,NA,0,0,0,0,0
459,ZGRU5115406,Madurador,1,"IFF PERU","2024-06-27 14:34:49","2024-07-11 08:42:47",1,1,4655,-20,-11.9803,-77.1226,"2024-07-19 15:25:08",-29.7,-3277,-20.4,-23.5,22.9,59.1,-3276.9,19.2,-38.5,-38.5,-38.5,-38.5,97,32766,3276.6,3276.6,452,60,0,0,0,25.4,3276.6,0,0,0,38759.9,1844.4,0,3276.6,3276.6,6523.9,6533.2,655.35,0,0.01,1.75,0,48,1,1,0,254,0,32766,3276.6,3276.6,3276.6,18,6,0,0,255,255,255,255,0,3,0,0,THERMOKING,NULL,NA,2,2,0,0,0
460,ZGRU7148192,Madurador,1,"Sin Informacion","2024-06-28 16:43:28","2024-06-28 16:43:28",1,1,14845,5,-11.9803,-77.1226,"2024-06-28 17:37:26",22.8,-3277,23.2,23.3,-3277.2,-3277.2,-3276.9,0,0,0,0,0,32766,32766,3276.6,3276.6,32766,32760,35,35,35,51,3276.6,0,0,0,20197.3,0,0,3276.6,3276.6,22.8,23.2,0.12,0,0.01,0.01,1,156,1,1,0,254,0,32766,3276.6,3276.6,3276.6,18,6,0,0,255,255,255,255,0,3,0,30,THERMOKING,NULL,NA,2,2,255,0,0
461,ZGRU6s25457,Madurador,1,"Sin Informacion","2024-06-29 07:37:43","2024-06-29 07:37:43",1,1,14846,20,-11.9803,-77.1226,"2024-06-29 07:37:43",20,-3277,19.8,19.6,47.9,72,-3276.9,17.8,-38.5,-38.5,-38.5,-38.5,61,32766,3276.6,3276.6,457,60,8.1,8.3,8.1,25.4,3276.6,30,42,0,84850.1,84030.1,0,3276.6,3276.6,20,19.8,32.06,0,5.3,6.29,0,23,1,1,1,50,0,32766,3276.6,3276.6,3276.6,18,6,0,0,255,255,255,255,0,3,0,0,THERMOKING,NULL,NA,2,2,0,0,0
462,ZGRU87x002911,Madurador,1,"Sin Informacion","2024-06-29 20:42:17","2024-06-29 20:42:17",1,1,14847,-22,-11.8376,-72.9497,"2024-06-29 20:42:17",-29.4,-3277,-23,-23.5,33.1,74.4,-3276.9,24.3,-22,-25.7,-26.6,-25.8,88,32766,6502.4,6515.1,469,60,0.8,0.8,0.8,25.4,3276.6,30,0,0,3533090,1397220,0,6502.4,6515.1,5593.5,691,481.27,0.12,71.68,125.44,0,100,1,1,0,254,0,32766,3276.6,3276.6,3276.6,18,6,0,0,255,255,255,255,0,3,0,0,THERMOKING,NULL,NA,2,2,0,0,0
463,ZGRUes93446,Madurador,1,"Sin Informacion","2024-07-02 06:19:26","2024-07-02 06:19:26",1,1,14848,0,-11.9803,-77.1226,"2024-07-02 06:19:26",0.3,-3277,1,1.2,43.1,62.3,-3276.9,15.6,0.9,0.2,0.1,-25.7,83,32766,3276.6,3276.6,459,60,11,10.3,10.4,25.4,3276.6,60,9,0,6704,1818.3,0,3276.6,3276.6,0.1,1,27.68,0,7.35,2.47,0,42,1,1,0,254,0,32766,3276.6,3276.6,3276.6,18,6,0,0,255,255,255,255,0,3,0,0,THERMOKING,NULL,NA,2,2,0,0,0
464,ZGRU6682259,Madurador,1,"ALAMEDA SUR","2024-07-04 13:45:57","2024-07-11 16:46:11",1,1,14849,2,-12.1964,-77.0115,"2024-07-11 14:07:25",7.7,-3277,11.4,7.5,22.5,31.9,-3276.9,19.1,0,0,0,0,32766,32766,3276.6,3276.6,431,32760,0,0,0,25.4,3276.6,0,0,0,1541,150.9,0,3276.6,3276.6,7.7,11.4,29.75,0.09,0.01,0.9,0,156,0,0,0,254,0,32766,3276.6,3276.6,3276.6,18,6,0,0,255,255,255,255,0,0,0,0,THERMOKING,NULL,NA,2,2,0,0,0
465,ZGRU0036231,Madurador,1,"NESTLE IQUITOS(17/07/2024)","2024-07-04 14:44:45","2024-07-17 10:52:58",1,1,14850,-25,-11.9802,-77.1224,"2024-07-19 15:24:27",-31,-3277,-25.3,-28.3,29.7,68.2,-3276.9,21.9,0,-38.5,-38.5,-38.5,94,32766,6502.4,6515.1,461,60,9.5,9.2,8.5,25.4,3276.6,30,100,0,12282.1,752.5,0,6502.4,6515.1,5183.9,102.2,163.83,0.12,171.52,501.78,0,100,1,1,0,254,0,32766,3276.6,3276.6,3276.6,18,6,0,0,255,255,255,255,0,0,0,0,THERMOKING,NULL,NA,2,2,0,0,0
466,ZGRU6844452,Madurador,1,"GUARDIA CIVIL","2024-07-05 14:25:56","2024-07-09 16:05:45",57,1,14851,2,-12.1726,-76.9924,"2024-07-19 15:25:42",2,-3277,3.7,3.4,36.2,65.2,-3276.9,24.1,18.7,-38.5,-38.5,-38.5,92,32766,3276.6,3276.6,462,60,5,4.8,4.7,25.4,3276.6,30,0,0,85620.5,529,0,3276.6,3276.6,2,3.7,34.07,0,0.87,1.47,0,15,1,1,0,254,0,32766,3276.6,3276.6,3276.6,18,6,0,0,255,255,255,255,0,3,0,0,THERMOKING,NULL,NA,2,2,0,0,0
467,ZGRU8708092,Madurador,1,"GUARDIA CIVIL","2024-07-10 15:41:46","2024-07-10 15:50:55",57,1,14852,4,-12.1726,-76.9924,"2024-07-19 15:22:58",3.1,-3277,5.9,5.8,36,63.1,-3276.9,21.9,19.9,-38.5,-38.5,-38.5,88,32766,3276.6,3276.6,462,60,4.8,4.8,4.7,25.4,3276.6,30,21,0,10605.1,328.5,0,3276.6,3276.6,3.2,5.9,33.81,0,0.87,1.52,0,26,1,1,0,254,0,32766,3276.6,3276.6,3276.6,18,6,0,0,255,255,255,255,320,0,0,0,THERMOKING,NULL,NA,2,2,0,0,0
468,ZGRU9025794,Madurador,1,SALOG,"2024-07-11 11:35:25","2024-07-11 14:53:01",1,1,14853,2.5,-11.9803,-77.1226,"2024-07-19 15:23:59",2.5,-3277,3.8,4.1,40.4,63.5,-3276.9,21.8,3,3,2.5,2.5,88,32766,3276.6,3276.6,474,60,8.3,7.6,9.2,25.4,3276.6,60,4,0,37727.9,241.2,0,3276.6,3276.6,2.5,3.8,33.83,0,2.36,3.36,0,26,1,1,0,254,0,32766,3276.6,3276.6,3276.6,18,6,0,0,255,255,255,255,0,0,0,0,THERMOKING,NULL,NA,2,2,0,0,0
469,ZGRU1139619,Madurador,1,"PV PIURA","2024-07-12 12:27:32","2024-07-12 12:34:01",57,1,14854,2,-5.18607,-80.6433,"2024-07-19 15:25:03",2.2,-3277,4.4,0.2,40.4,68.7,-3276.9,27.5,19.1,-38.5,-38.5,-38.5,23423,65024,6502.4,6515.1,38783,15361,3123.2,3302.4,3020.8,3020.8,6515.1,15487,17408,0,6614840,119526,0,6502.4,6515.1,550.3,1126.4,435.2,0.14,586.24,550.42,0,66,1,1,0,254,0,32766,3276.6,3276.6,3276.6,18,6,0,0,255,255,255,255,0,0,0,0,THERMOKING,NULL,NA,2,2,0,0,0
470,ZGRU7500504,Madurador,1,"Sin Informacion","2024-07-17 14:02:21","2024-07-17 14:02:21",1,1,14855,22,-11.5594,-77.2772,"2024-07-19 15:20:45",10.5,-3277,8.3,9.1,20.4,21.5,-3277,20.3,0,0,0,0,79,32766,3276.6,3276.6,431,60,6.5,6.3,6.3,25.4,3276.6,60,0,0,91698.7,40.8,0,3276.6,3276.6,10.5,8.3,29.19,0,4.67,0.44,0,156,1,1,0,254,0,32766,3276.6,3276.6,3276.6,18,6,0,0,255,255,255,255,0,0,0,0,THERMOKING,NULL,NA,2,2,0,0,0
471,ECUADOR_123321,Madurador,1,HORTIFRUIT,"2024-07-18 12:16:16","2024-07-18 12:16:16",1,1,14856,NULL,NULL,NULL,NULL,NULL,NULL,NULL,NULL,NULL,NULL,NULL,NULL,NULL,NULL,NULL,NULL,NULL,NULL,NULL,NULL,NULL,NULL,NULL,NULL,NULL,NULL,NULL,NULL,NULL,NULL,NULL,NULL,NULL,NULL,NULL,NULL,NULL,NULL,NULL,NULL,NULL,NULL,NULL,NULL,NULL,NULL,NULL,NULL,NULL,NULL,NULL,NULL,NULL,NULL,NULL,NULL,NULL,NULL,NULL,NULL,NULL,NULL,NULL,NULL,NULL,NULL,NA,1,1,0,2,0
